ID,ArrivalTime,Sample Length,Arrival Time,FWS Length,SWS Length,FL Yellow Length,FL Orange Length,FL Red Length,Curvature Length,FWS Total,SWS Total,FL Yellow Total,FL Orange Total,FL Red Total,Curvature Total,FWS Maximum,SWS Maximum,FL Yellow Maximum,FL Orange Maximum,FL Red Maximum,Curvature Maximum,FWS Average,SWS Average,FL Yellow Average,FL Orange Average,FL Red Average,Curvature Average,FWS Inertia,SWS Inertia,FL Yellow Inertia,FL Orange Inertia,FL Red Inertia,Curvature Inertia,FWS Center of gravity,SWS Center of gravity,FL Yellow Center of gravity,FL Orange Center of gravity,FL Red Center of gravity,Curvature Center of gravity,FWS Fill factor,SWS Fill factor,FL Yellow Fill factor,FL Orange Fill factor,FL Red Fill factor,Curvature Fill factor,FWS Asymmetry,SWS Asymmetry,FL Yellow Asymmetry,FL Orange Asymmetry,FL Red Asymmetry,Curvature Asymmetry,FWS Number of cells,SWS Number of cells,FL Yellow Number of cells,FL Orange Number of cells,FL Red Number of cells,Curvature Number of cells
0,00:00:00.010,17.5,0.01,2.997635,3.304396,5.597111,4.065303,4.192437,15.48035,15160.53,2276.376,217.1392,612.9643,2379.986,1.081615E-06,1893.063,268.2577,16.48,61.64739,242.9274,0.515882,433.158,65.03931,6.203977,17.51327,67.9996,-0.01473945,0.1044713,0.1246498,0.365518,0.2161537,0.1705086,8123378,16.43781,18.57467,16.70344,16.50958,16.74181,-15.00166,0.3252038,0.3465517,0.5811256,0.4191249,0.4027075,0.006487461,0.06069642,0.06140999,0.04551752,0.05659518,0.04332518,1.857238,1.496705,1.453171,1.274262,1.383981,1.326619,0
1,00:00:00.021,19.5,0.021,3.402609,3.899485,4.582016,4.084151,4.125202,3.359762,20174.11,5746.636,187.5363,676.9006,3032.014,-6.519258E-06,2386.853,609.9124,16.02222,68.05628,309.7629,0.4870467,517.2849,147.3496,4.808622,17.35642,77.74395,-0.00935464,0.09035335,0.1329317,0.2617013,0.1657526,0.1433932,3347789,14.93401,17.20489,16.42718,17.07101,17.44942,-143.0643,0.3033501,0.3487644,0.4656694,0.3796044,0.365231,0.001757928,0.2341532,0.1176982,0.1575807,0.1245636,0.1051579,8.33663,1.570368,1.47068,1.386769,1.434575,1.426801,0.9758374
2,00:00:00.031,11.5,0.031,5.27679,6.420406,4.601895,4.189906,4.01866,1.835379,8979.767,60950.81,331.1259,241.8592,65.30962,-1.162291E-06,827.5094,4651.479,30.6711,24.10962,6.56148,0.1770037,390.4246,2650.035,14.39678,10.51562,2.839548,-0.001035246,0.3734192,0.4209629,0.4458905,0.3901739,0.3913732,4850154,9.302135,9.108438,10.73733,11.68454,12.14252,489.4055,0.6425651,0.6864135,0.6842237,0.6409104,0.6338152,9.722193E-05,0.1911188,0.2079619,0.06631938,0.01604718,0.05587159,41.557,1.058387,1.105749,1.097184,1.067994,1.111738,0
3,00:00:00.041,35.5,0.041,8.056293,8.406408,5.578121,5.677869,5.805712,31.13601,55291.91,28951.08,1089.511,5958.282,28431.04,1.367182E-05,3441.878,1886.654,83.62072,465.4073,2180.09,0.4797305,778.7593,407.7617,15.34522,83.91946,400.4373,-0.002296481,0.08062418,0.09107514,0.1326129,0.08615841,0.0874906,146762.7,34.94509,36.83764,41.35084,41.45222,41.66906,590.6039,0.2973915,0.3104311,0.2802276,0.2626472,0.2687939,8.724233E-05,0.0156313,0.03767989,0.1648124,0.1676683,0.1737764,15.63673,1.638194,1.767065,1.879807,1.87648,1.837393,2.041575
4,00:00:00.052,21.5,0.052,3.326651,3.412396,4.869699,4.400852,4.424137,0.2,14421.83,6921.446,244.7585,1051.82,4688.254,-3.539026E-07,1705.069,764.3361,17.54814,101.3215,452.8947,0.5189375,335.3913,160.9639,5.692057,24.46094,109.0292,-0.005091579,0.08179331,0.118425,0.4447438,0.1572344,0.1309081,5197211,19.79411,21.6828,21.52244,21.06354,21.29449,83.9453,0.2801364,0.3132692,0.5515775,0.3519818,0.3492126,0.000709072,0.07934368,0.008502197,0.001043903,0.02030034,0.009558471,2.904433,1.703657,1.662744,1.679328,1.522893,1.472274,1.157377
5,00:00:00.062,21.5,0.062,4.116467,4.032911,5.587486,4.928541,4.927864,20.48207,14980.62,15509.05,380.4132,1766.259,7915.891,-1.052627E-06,1586.352,1605.579,28.83999,155.9496,705.4354,0.5092309,348.3865,360.6756,8.84682,41.07579,184.0905,-0.008935628,0.09620161,0.1085346,0.2882513,0.1730274,0.1493678,6181597,19.07004,20.71674,20.99278,20.20009,20.56988,47.53016,0.3135135,0.3229811,0.469378,0.3882572,0.3822108,0.0008673652,0.1130214,0.03643084,0.02359164,0.0604611,0.04326148,1.210705,1.541083,1.547532,1.43453,1.392512,1.367665,1.494167
6,00:00:00.072,15.5,0.072,2.333552,2.975325,8.66398,3.420115,3.690887,18.73236,8184.302,24523,79401.38,11374.71,695.2117,-2.682209E-07,1089.969,2988.83,4489.426,1303.598,75.07554,0.4943442,264.0097,791.0644,2561.335,366.926,22.42618,-0.01508254,0.1283805,0.1498185,0.378327,0.1681893,0.2092504,4.008746E+07,14.0416,15.19711,17.97763,15.1124,15.7658,-22.52115,0.3519982,0.3841728,0.653684,0.4065326,0.4382848,0.003994582,0.09409058,0.01954143,0.1598471,0.02500614,0.0171486,2.452977,1.443431,1.356581,1.152385,1.305117,1.291739,0.9939094
7,00:00:00.083,19.5,0.083,3.732166,4.339599,3.972913,4.53289,4.667871,18.81776,20176.09,2896.817,161.5955,732.1391,3263.955,-2.98582E-06,2284.616,273.1407,14.03852,69.88739,309.7629,0.6882812,517.3357,74.27736,4.143475,18.7728,83.69115,-0.009956003,0.0983791,0.1846516,0.3309215,0.1795432,0.1540232,2805211,17.48015,20.624,20.36355,18.60692,19.15872,4.154375,0.3164931,0.4119854,0.4783486,0.390124,0.3865663,0.001581136,0.1035822,0.05764098,0.04428464,0.045799,0.01750159,0.7869551,1.520326,1.397825,1.603232,1.396734,1.348369,1.513631
8,00:00:00.093,23.5,0.093,4.992601,4.655547,6.334546,6.647799,6.467893,0.2,28380.08,14180.27,647.145,3697.928,16079.75,-3.308058E-06,2602.161,1350.292,45.1674,261.0858,1169.775,0.551264,603.8315,301.7079,13.76904,78.67932,342.1223,-0.005765196,0.1028914,0.1082325,0.2410848,0.1808547,0.1633252,4046.934,21.42146,22.63936,22.50318,21.71231,21.96207,93.62936,0.3248326,0.3247499,0.4514999,0.4216717,0.4114611,0.001099187,0.08844844,0.03662302,0.04241773,0.07607213,0.06544385,2.984228,1.491796,1.529567,1.308908,1.257452,1.262434,1.440311
9,00:00:00.103,23.5,0.103,3.936885,4.111126,4.696289,4.27232,4.415986,22.26691,22048.56,5185.706,356.3036,1386.609,6237.831,-6.509654E-06,2430.189,537.7361,28.53481,131.5348,615.4058,0.3619664,469.1182,110.3342,7.580928,29.50231,132.7198,-0.007701551,0.07241189,0.09660918,0.3069178,0.1671154,0.1091334,1792998,21.1072,22.57668,24.30792,22.78893,23.28024,-57.54824,0.2698926,0.2948072,0.44179,0.3383012,0.311066,0.002583579,0.1018212,0.03929008,0.0343797,0.03025833,0.009351416,3.448861,1.718503,1.673092,1.638564,1.632267,1.598385,0
10,00:00:00.114,19.5,0.114,2.495496,3.154418,4.176009,4.383164,4.24882,0.2,11683.86,4071.017,246.7422,704.3672,3238.777,-3.20049E-06,1539.048,461.4399,19.22666,66.68295,324.1066,0.7851728,299.5862,104.385,6.326722,18.0607,83.04556,-0.003572891,0.0844426,0.177176,0.411667,0.1990969,0.1474419,3038603,18.5508,20.60313,19.6778,19.38193,19.40438,427.3117,0.2765111,0.3410327,0.5737701,0.3985565,0.3690711,0.0001655116,0.04867706,0.05657095,0.009117865,0.006054747,0.004903504,20.91342,1.720187,1.631158,1.537328,1.425193,1.41898,1.097817
11,00:00:00.124,17.5,0.124,2.505189,3.159111,8.821043,3.560639,3.932559,0.2,8206.732,26060.82,81270.8,12071.6,732.7495,-3.129244E-06,1063.417,3103.733,4489.426,1362.804,77.21183,0.5217617,234.4781,744.595,2322.023,344.9028,20.9357,-0.01456743,0.1021726,0.1200341,0.3127326,0.1343247,0.171247,5741434,15.75799,16.76655,19.66829,16.74948,17.41795,-60.57075,0.3121077,0.3428633,0.5929773,0.3640139,0.3942553,0.003217938,0.09954366,0.04191135,0.1239024,0.04288712,0.00468852,4.461185,1.575546,1.470582,1.177358,1.404457,1.370376,1.345134
12,00:00:00.134,23.5,0.134,5.309735,4.488557,5.509888,5.5468,5.521072,22.00401,17935.42,10072.79,629.1391,3247.627,13974.27,-1.866836E-06,1570.33,985.1375,47.76147,263.3748,1147.649,0.4570373,381.6048,214.3146,13.38594,69.09846,297.325,-0.009560571,0.1108235,0.09681002,0.250298,0.1580361,0.1369119,7985254,20.08893,21.04319,21.41159,21.26913,21.54328,-64.40133,0.3340535,0.3092496,0.4283792,0.3756106,0.3694186,0.002539782,0.1451518,0.1045451,0.08886836,0.09493043,0.0832647,3.740482,1.468237,1.579311,1.41072,1.392253,1.379637,1.815155
13,00:00:00.145,23.5,0.145,5.147845,4.380039,6.575855,5.599061,5.612665,22.48374,21168.86,12368.85,505.2339,2888.882,12730.03,-5.185604E-06,1907.865,1223.487,34.18073,234.3822,1021.149,0.5367335,450.4013,263.167,10.74966,61.46558,270.8518,-0.00669184,0.1028904,0.09621248,0.256578,0.1416603,0.1388499,3651968,20.18248,21.84145,22.91543,22.00813,22.23453,-126.3306,0.3272066,0.3060498,0.4632385,0.3687724,0.3717381,0.0006326441,0.1411711,0.07057673,0.02487517,0.06348364,0.05384962,6.375768,1.483887,1.597405,1.289701,1.389461,1.37622,1.815155
14,00:00:00.155,37.5,0.155,7.490278,6.946812,9.612299,9.56109,9.742943,29.551,37271.34,24033.94,1127.964,6666.463,30534.53,-1.056306E-05,2406.232,1633.046,52.79702,345.317,1519.211,0.5211197,496.9512,320.4525,15.03952,88.88618,407.1271,-0.002948403,0.0697326,0.07353047,0.2206398,0.1341577,0.1150119,1459505,43.74289,43.42036,43.62351,44.06315,44.40752,610.7567,0.270243,0.262535,0.3992231,0.3474967,0.3404332,0.0001180432,0.166477,0.1578762,0.1632936,0.1750174,0.1842004,15.28685,1.70787,1.774495,1.564203,1.579312,1.513673,2.87844
15,00:00:00.165,17.5,0.165,2.099114,2.811306,4.673724,3.875714,4.197705,0.7700794,3714.866,886.2576,135.6548,380.7184,1542.406,-3.575347E-06,510.1169,106.8148,8.850368,35.70666,156.1022,0.625683,106.139,25.32164,3.875851,10.87767,44.06873,-0.0107339,0.09485891,0.1600032,0.6721626,0.298628,0.1750178,1701565,17.4564,19.54614,17.49044,17.2485,18.09992,117.4223,0.2975632,0.3537163,0.7608276,0.4843427,0.4022388,0.001207203,0.002491566,0.1169225,0.0005463592,0.0143716,0.03428119,5.709847,1.63788,1.549663,2.260735,1.401481,1.34155,1.620149
16,00:00:00.176,13.5,0.176,2.32567,3.054681,7.386287,3.547969,3.688867,0.2,7041.994,20573.9,67923.68,8686.483,552.5377,-6.258488E-07,946.9894,2519.608,4489.426,993.2249,61.03702,0.4349006,260.8146,761.9963,2515.692,321.7216,20.46436,-0.01610745,0.1558991,0.1865338,0.3849362,0.2088928,0.2380605,1.24874E+07,11.4955,12.62358,14.63637,12.59879,13.22011,-21.10947,0.3928687,0.4325804,0.6601941,0.4578374,0.4810907,0.00986856,0.1484812,0.06491981,0.08417522,0.06675593,0.02073297,2.563664,1.32015,1.242249,1.106928,1.198704,1.200722,1.38282
17,00:00:00.186,19.5,0.186,3.718884,3.291624,4.541525,4.238813,4.253923,0.2,17128.97,7502.823,275.8873,872.5242,4152.043,-6.075483E-06,1932.89,875.2709,22.88888,87.58813,417.4932,0.749369,439.2044,192.3801,7.074034,22.37242,106.4627,-0.01031161,0.09630995,0.1087954,0.3397257,0.1604396,0.1447737,647980.5,19.40916,21.19329,20.4375,20.06383,20.27629,104.9858,0.3142176,0.3188783,0.5013999,0.3666056,0.3632606,0.00161402,0.004658662,0.08683552,0.04807692,0.02891454,0.03981002,4.383887,1.524138,1.566023,1.471559,1.456164,1.432474,1.312142
18,00:00:00.196,21.5,0.196,2.981168,3.422274,4.443182,4.50952,4.381013,20.48207,16104.77,4564.196,243.6903,1019.929,4139.531,-2.338551E-06,1995.148,509.9643,19.07407,94.1496,406.8117,0.6086376,374.5296,106.1441,5.667217,23.71927,96.26816,-0.01124744,0.07060909,0.1098498,0.3809784,0.1772315,0.1262313,7580796,18.7181,20.82073,21.40138,20.04937,20.13997,-42.15381,0.2635392,0.3055223,0.4972695,0.3776183,0.3456695,0.001257276,0.1293907,0.03159373,0.004587091,0.06747109,0.06325739,2.960643,1.780467,1.672061,1.696252,1.457177,1.475136,1.328316
19,00:00:00.207,29.5,0.207,6.491698,6.563562,9.508278,9.455198,9.612428,1.153745,65124.98,26415.14,1199.377,7681.814,35681.18,9.538475E-06,4660.787,1818.598,57.83258,399.0295,1819.819,0.4371624,1103.813,447.7143,20.32843,130.2002,604.7657,-0.0007565723,0.1199387,0.1780697,0.2436654,0.1735766,0.1721779,1004857,28.86164,31.14219,27.86234,28.30618,28.58238,1742.973,0.3390482,0.3601398,0.4812002,0.4305854,0.4334872,1.89971E-05,0.02163951,0.05566758,0.05551386,0.04046828,0.03110571,58.08383,1.494448,1.577681,1.229729,1.226943,1.218885,1.904546
20,00:00:00.217,19.5,0.217,2.959831,3.325928,5.226116,4.399791,4.57028,19.35732,18656.58,7934.355,237.5866,817.8961,3450.27,-4.159287E-06,2303.995,915.8605,18.31111,78.58517,327.1584,0.5607556,478.3737,203.445,6.091964,20.97169,88.46847,-0.009891275,0.08761366,0.1123872,0.3006446,0.1858164,0.1536916,4853971,15.87484,17.58996,16.87347,17.5194,17.38623,-101.1402,0.294282,0.321829,0.5141076,0.3891797,0.3858269,0.001397794,0.1859054,0.09795092,0.1346936,0.1015691,0.1083986,6.186675,1.634452,1.567336,1.291286,1.403296,1.356509,1.153203
21,00:00:00.227,21.5,0.227,3.84085,3.707415,4.386214,4.259215,4.516985,19.76579,14011.35,5385.144,284.2799,1295.206,5656.454,-2.403744E-06,1547.136,588.8547,23.19407,125.5837,537.7361,0.4862351,325.8454,125.2359,6.611161,30.12106,131.5454,-0.006139889,0.08884536,0.1091399,0.3345553,0.1562009,0.1338926,200020.8,20.85293,22.62373,22.52603,22.3168,22.7506,114.8409,0.2984724,0.3134485,0.4707353,0.3603792,0.3533668,0.0008740594,0.03009615,0.05226644,0.04772248,0.03799071,0.05816745,4.341439,1.601705,1.61628,1.572419,1.492566,1.460996,1.560607
22,00:00:00.238,9.5,0.238,6.412907,2.38617,5.278872,7.104163,3.660087,8.448418,22.5837,63.93628,28.07703,57.83258,67.5985,-3.72529E-08,1.831111,8.087405,2.746666,4.577776,7.629628,0.1419308,1.188616,3.365067,1.477738,3.04382,3.557816,-0.007470047,0.6748602,0.3911353,0.8747085,0.7537206,0.4187748,3.615756E+07,9.810811,10.42243,8.032609,10.93931,10.00677,13.67276,0.8707269,0.6231909,0.8599879,0.8682729,0.6687533,0.002219941,0.03271693,0.09709835,0.1544622,0.1515067,0.05334442,0.439238,1.761203,1.133352,2.886145,2.353433,1.093232,1.353035
23,00:00:00.248,23.5,0.248,5.4587,4.371102,5.165057,4.858001,5.175091,4.238736,38180.18,8626.667,600.7569,3136.235,14106.88,1.295819E-06,3264.565,852.0768,49.59258,280.6177,1212.653,0.4073341,812.3443,183.5461,12.78206,66.7284,300.1463,-0.008666654,0.1099223,0.09907287,0.2044533,0.1329807,0.1286408,2.035021E+07,16.97962,19.43248,21.01829,20.86163,20.99416,-195.4505,0.3398578,0.3117148,0.3888475,0.3465079,0.3558986,0.001738639,0.2774629,0.1730858,0.1056048,0.1122712,0.1066315,9.317044,1.431312,1.576311,1.479056,1.481607,1.4316,1.11566
24,00:00:00.258,25.5,0.258,6.004396,4.759533,5.405188,5.043949,5.187606,0.2,38380.69,11845.3,585.8028,3170.11,13809.32,-2.186745E-06,3124.79,1128.269,47.76147,280.6177,1212.653,0.6653557,752.5626,232.2608,11.48633,62.15903,270.771,-0.006471838,0.09664875,0.08446129,0.175281,0.1136509,0.1059192,4050824,28.93568,29.24113,25.97994,25.99331,26.31197,287.7456,0.3239081,0.2890947,0.3427089,0.3118138,0.3164476,0.0004480581,0.1347325,0.1467109,0.01882128,0.01934546,0.03184211,10.28414,1.479346,1.650908,1.56793,1.595359,1.560471,0.9848182
25,00:00:00.269,37.5,0.269,9.098972,7.881438,7.724356,7.904769,7.942445,5.379275,34949.34,40881.38,1075.472,6435.286,31181.22,-4.48199E-06,1936.552,2518.998,61.03702,388.5006,1886.654,0.4503967,465.9912,545.085,14.33963,85.80381,415.7496,-0.001375719,0.08355308,0.09513844,0.1937319,0.1186787,0.09867644,6814110,41.0515,41.59493,40.70361,41.33393,41.80043,2226.804,0.3008994,0.301916,0.3454883,0.3147029,0.3055573,4.702161E-05,0.09470662,0.1091981,0.08542944,0.1022382,0.1146781,58.38145,1.69094,1.74277,1.618816,1.5753,1.575794,2.078953
26,00:00:00.279,25.5,0.279,5.502083,13.36848,4.71403,4.414922,4.644228,0.2,31624.65,30594.81,621.5095,3223.823,15025.64,-5.889684E-06,2174.749,1835.383,52.79702,307.0162,1413.312,0.4281127,620.0912,599.8982,12.18646,63.21221,294.6203,-0.00137245,0.3578734,0.4609327,0.2075084,0.1232467,0.09740893,4095545,24.70463,29.0767,24.96243,24.3842,24.53256,1591.853,0.4499991,0.5118312,0.3575399,0.30231,0.2985075,5.396547E-05,0.03119095,0.1402629,0.02108096,0.04375685,0.03793868,61.42561,1.790243,2.101223,1.657767,1.698081,1.646673,1.335087
27,00:00:00.289,19.5,0.289,4.913867,5.18278,13.96427,5.245963,5.646618,0.3167149,17359.08,47585.68,125735.8,26166.88,1454.512,-5.476177E-07,1600.543,4212.165,4489.426,2280.343,117.954,0.3405001,445.1047,1220.146,3223.995,670.9456,37.29519,-0.008730785,0.142233,0.1578139,0.5398764,0.1669701,0.1900674,2.072191E+07,17.96548,19.06793,23.92911,19.15942,19.61918,-67.35336,0.3833806,0.4051431,0.761762,0.4141901,0.4412723,0.003615691,0.07869332,0.02215757,0.2271336,0.01746554,0.006111665,4.454019,1.326592,1.277984,1.944054,1.264637,1.21641,1.603464
28,00:00:00.300,15.5,0.3,2.183697,2.897465,9.101526,4.003485,4.18848,14.47389,2027.955,594.5006,111.0874,136.1126,378.8873,4.023314E-07,278.3288,72.48146,6.408887,11.44444,38.45332,0.5234761,65.41791,19.17744,3.583464,4.390728,12.22217,-0.009717856,0.1179265,0.1684012,0.6848435,0.4577674,0.2227232,5505129,13.93439,15.58778,12.09203,14.47197,14.61861,76.21856,0.3301316,0.3847424,0.7920801,0.6366665,0.4532523,0.001481284,0.1010073,0.005663378,0.2198688,0.06632432,0.05686409,3.917326,1.506031,1.39624,2.13818,1.436258,1.258362,1.693139
29,00:00:00.310,29.5,0.31,8.980494,7.504622,7.664343,7.722462,7.610381,0.8522739,37617.27,27152.93,1095.462,6720.023,31355.02,6.79231E-06,2152.776,1755.272,65.00443,413.831,1954.863,0.4759904,637.5808,460.2191,18.56715,113.8987,531.4411,-0.003599105,0.144154,0.1095214,0.2021885,0.1438722,0.1411487,769615.9,29.55538,28.63025,28.78855,28.52508,28.97894,298.704,0.4006727,0.3439546,0.4020976,0.3866747,0.3837129,0.0003032792,0.00187731,0.02948309,0.02411695,0.03304813,0.01766298,9.125559,1.280519,1.441351,1.391739,1.315568,1.316597,0.8998686
30,00:00:00.320,17.5,0.32,2.599378,3.073972,5.357065,3.954283,4.114855,15.08176,13066.35,2875.759,139.9274,500.9614,2142.705,-3.963709E-06,1711.478,342.7229,10.07111,50.05036,223.8533,0.4901097,373.3242,82.16455,3.997925,14.31318,61.22013,-0.008808443,0.09697689,0.1301002,0.4606807,0.235125,0.15957,197462.4,17.11782,18.59541,18.34242,17.54706,17.67932,52.56224,0.3095199,0.3453642,0.6557685,0.4284523,0.3900474,0.001898334,0.02183873,0.06259456,0.04813834,0.002689179,0.01024681,2.003556,1.562126,1.485203,1.412426,1.40513,1.350069,1.225951
31,00:00:00.331,21.5,0.331,3.256528,3.39503,4.93391,5.066369,4.852404,20.48207,18860.59,5456.252,287.1792,906.3998,3579.974,-6.973743E-06,2234.871,615.4058,19.53185,79.34813,324.2592,0.4686552,438.6184,126.8896,6.678586,21.07907,83.25521,-0.009090335,0.08221849,0.1041581,0.5349774,0.1724333,0.1394159,1723839,19.36168,21.12328,20.69713,20.19545,20.33502,-17.40773,0.283898,0.3023764,0.6027657,0.3810436,0.3670557,0.001208924,0.09945675,0.01752202,0.03734276,0.06067653,0.05418493,1.809662,1.692036,1.663505,1.821125,1.417599,1.402522,1.471
32,00:00:00.341,21.5,0.341,3.329288,3.820688,5.221154,4.798266,4.845183,20.48207,18119.45,5523.545,209.357,678.5791,2861.568,-4.771166E-06,2089.755,572.5273,15.86963,59.5111,261.0858,0.594748,421.3826,128.4545,4.868767,15.78091,66.5481,-0.009180295,0.08744056,0.1291396,0.3148422,0.1932124,0.1385047,325209.4,20.324,21.04754,20.42055,20.745,20.80318,81.59834,0.2911231,0.3321766,0.465538,0.3980838,0.3682795,0.001169657,0.0546977,0.02104446,0.05020679,0.03511644,0.03241032,2.795271,1.672312,1.584611,1.524079,1.417911,1.397219,1.327602
33,00:00:00.351,103.5,0.351,79.30328,21.33347,77.66206,73.39783,74.32567,94.91245,161880.1,226856.5,3489.334,18624.38,92630.24,-9.995885E-06,1558.58,2657.857,31.58666,183.5688,916.1657,0.3455771,782.0295,1095.925,16.85669,89.97285,447.4891,-0.001669503,0.7196238,0.8328311,0.6519443,0.5981082,0.5976458,201592,100.1675,85.68701,110.2156,110.9009,111.0146,901.4545,0.7973994,0.7680367,0.779433,0.7283979,0.7313145,0.0002872525,0.03219764,0.1721062,0.06488498,0.07150655,0.07260512,7.709705,3.015078,2.903634,3.314022,3.1926,2.986829,0
34,00:00:00.362,25.5,0.362,4.828022,5.100165,6.133612,5.681798,5.916213,1.870905,33728.91,10943.48,568.1021,3062.38,14509.26,-5.665235E-06,3209.174,984.8323,39.21629,245.0636,1138.035,0.6610853,661.3511,214.578,11.13926,60.04667,284.4954,-0.006154289,0.07887782,0.09524483,0.2902877,0.1385993,0.1281985,495067.4,24.24584,24.85798,25.78324,24.8537,25.0008,145.7319,0.2870736,0.3117184,0.4465871,0.3526164,0.3557972,0.0003837309,0.04918261,0.02517712,0.01110742,0.02534491,0.0195765,4.714978,1.629975,1.556701,1.52704,1.463755,1.417335,1.585061
35,00:00:00.372,19.5,0.372,5.315247,5.66778,13.99465,5.713303,5.844855,0.2,16559.04,51833.4,125049.8,22898.04,1397.137,5.867332E-07,1487.777,4327.372,4489.426,1920.225,113.834,0.4927947,424.5907,1329.062,3206.404,587.1292,35.82404,-0.01263575,0.1324476,0.1505182,0.5345104,0.1618189,0.1836713,2.907441E+07,16.91982,17.91592,23.17141,18.0228,18.47477,-65.2038,0.3776003,0.4027196,0.763761,0.4166538,0.4347238,0.003380714,0.1323169,0.08123507,0.1882772,0.07575363,0.05257586,4.343785,1.315264,1.264107,1.594435,1.229795,1.221555,0.9881126
36,00:00:00.382,15.5,0.382,2.336576,2.927781,7.946434,3.146343,3.824855,12.10733,8573.565,21689.05,72793.82,9989.014,640.1257,2.980232E-08,1164.892,2706.687,4489.426,1202.582,69.27702,0.326718,276.5666,699.6467,2348.188,322.2263,20.64922,-0.01053929,0.1134602,0.1365753,0.3247526,0.1522132,0.1981923,2.050511E+08,13.99498,15.15736,17.65327,15.1197,15.71395,-7.582232,0.3353819,0.3694071,0.605742,0.3867484,0.432305,0.003514285,0.097098,0.02210612,0.1389208,0.02453529,0.01380291,1.489176,1.464643,1.377264,1.141567,1.343119,1.278906,0.7616885
37,00:00:00.393,27.5,0.393,5.50177,4.400795,5.845949,5.803226,5.83348,26.10104,30516.07,12421.95,798.822,4783.319,21740.01,-4.857779E-06,2618.183,1222.419,57.3748,377.9718,1707.511,0.5066733,554.8376,225.8536,14.52404,86.96944,395.273,-0.005906546,0.07975014,0.07562339,0.2202304,0.1162408,0.1110894,583076.9,28.06015,29.38887,27.02732,26.88407,27.145,163.241,0.2904445,0.2646645,0.3860852,0.326887,0.3291007,0.0003883853,0.02036927,0.06868602,0.0171885,0.02239739,0.01290891,4.936038,1.607034,1.80265,1.565562,1.533232,1.507345,1.487466
38,00:00:00.403,15.5,0.403,2.53173,3.148947,8.096704,3.475912,3.828232,0.2,7985.474,22752.01,74769.44,10481.89,594.1954,8.34465E-07,1030.458,2708.518,4489.426,1192.969,63.32591,0.5977544,257.5959,733.9357,2411.917,338.1254,19.16759,-0.01928237,0.1362284,0.1570938,0.3468245,0.1701141,0.2098452,2.002276E+07,12.8139,13.93041,16.366,13.92302,14.57242,-49.5921,0.3608069,0.3905982,0.6255137,0.4073294,0.4425167,0.007456451,0.1732968,0.1012638,0.05587113,0.1017407,0.05984393,4.199491,1.423404,1.344377,1.125702,1.307482,1.26825,1.234076
39,00:00:00.413,21.5,0.413,4.427664,4.08299,4.943854,4.35414,4.347605,20.17314,18377.18,8478.652,329.7525,1300.546,6238.594,-5.960464E-08,1891.69,867.7939,26.24592,124.5155,621.0517,0.3058369,427.3763,197.178,7.668663,30.24526,145.0836,-0.007112487,0.09360395,0.1181448,0.310209,0.1689874,0.1233184,3.918826E+07,22.90238,24.22083,20.81814,21.35903,21.71561,47.74514,0.313236,0.3248112,0.4589618,0.3558768,0.3352982,0.001838554,0.06522685,0.1265501,0.03171443,0.006556814,0.01002837,1.220704,1.513295,1.550717,1.514809,1.536934,1.512032,1.355935
40,00:00:00.424,29.5,0.424,7.794807,6.129957,7.430386,7.220007,7.292589,3.948966,39693.9,32154.15,891.5983,4797.968,21492.36,1.73226E-06,2555.468,2406.537,52.79702,312.8147,1387.371,0.3487426,672.778,544.9856,15.11184,81.32149,364.2772,-0.005910862,0.1418419,0.100633,0.2301017,0.1329014,0.1262525,1.849999E+07,22.31544,24.68266,28.72737,29.18532,29.32931,-404.4923,0.3808326,0.3202664,0.4114913,0.3570543,0.357244,0.00079545,0.2435446,0.1632997,0.02619098,0.01066714,0.005786019,14.71161,1.516218,1.52617,1.441462,1.41146,1.39516,2.030886
41,00:00:00.434,15.5,0.434,2.50083,2.871239,8.775571,3.415166,3.874588,15.01021,8436.995,29001.59,80068.83,12318.49,758.5376,-3.665686E-06,1099.887,3586.078,4489.426,1429.029,80.72146,0.6285664,272.1611,935.5351,2582.865,397.3707,24.46895,-0.0103509,0.1255698,0.1408375,0.3847815,0.157708,0.2030379,2129003,13.63631,14.85119,17.82806,14.79201,15.32146,-13.06525,0.3503304,0.3726068,0.6591727,0.395895,0.4374628,0.001725988,0.1202383,0.04185848,0.1501975,0.04567708,0.01151842,1.842919,1.435062,1.382152,1.162136,1.317238,1.271661,1.854741
42,00:00:00.444,21.5,0.444,2.979969,3.343649,5.415998,3.881189,4.469965,20.48207,15009.77,4269.998,242.0118,783.8679,3232.216,-4.095957E-06,1842.25,486.7703,16.3274,77.8222,310.0681,0.6556525,349.0643,99.30227,5.628181,18.22949,75.1678,-0.01007987,0.07634154,0.09632812,0.483263,0.1654592,0.1344533,3306659,19.6223,20.95383,21.39786,19.98949,20.38419,-7.477214,0.2720822,0.2956902,0.5757635,0.3602166,0.3562246,0.000959456,0.08733466,0.0254033,0.004750872,0.07025637,0.05189795,1.347777,1.754906,1.681059,1.772993,1.552143,1.449519,1.390442
43,00:00:00.455,15.5,0.455,2.393689,3.082415,7.984135,3.538283,4.078844,4.299212,7360.76,20757.01,73890.2,10076.75,621.9672,-3.665686E-06,965.7583,2497.33,4489.426,1137.12,63.78369,0.4926798,237.4439,669.5811,2383.555,325.0566,20.06346,-0.01428011,0.1339234,0.153242,0.3402694,0.1755859,0.2173596,4321301,13.0074,14.07979,16.41951,14.12045,14.7787,-63.74973,0.3579858,0.388494,0.6187742,0.4156929,0.4529697,0.00435492,0.1608129,0.09162633,0.05932347,0.08900338,0.04653519,5.112886,1.432835,1.345635,1.134579,1.287362,1.251932,1.369085
44,00:00:00.465,33.5,0.465,5.038617,4.42382,8.921605,8.555448,8.597964,7.593097,27252.57,21640.52,996.7346,4987.03,24008.15,5.215406E-07,2437.056,2101.352,48.21925,283.2118,1351.512,0.3530965,406.7548,322.9929,14.87664,74.43328,358.3306,-0.00191188,0.05626387,0.05211439,0.2653449,0.1260117,0.1132253,1.474161E+07,32.6229,33.79336,33.84354,32.46059,32.69795,695.3616,0.2386511,0.2208684,0.4374872,0.3401799,0.3379011,0.0001013481,0.0261821,0.008757116,0.01025491,0.03102717,0.02394179,19.75706,1.925318,2.111632,1.475901,1.502232,1.49835,2.613309
45,00:00:00.475,15.5,0.475,2.753162,3.290989,8.997267,3.550416,3.922068,14.22303,8091.678,28226.88,82385.02,12531.51,765.2516,2.086163E-07,1009.247,3301.035,4489.426,1401.257,79.9585,0.5252404,261.0219,910.5444,2657.582,404.2423,24.68554,-0.01291097,0.1435947,0.1594384,0.4026724,0.1781599,0.215791,4.703253E+07,13.9994,15.2146,17.97559,15.10884,15.64128,-27.99139,0.3740252,0.3978355,0.6746013,0.4192394,0.4548079,0.003494325,0.09681313,0.0184126,0.1597155,0.02523642,0.009114592,2.805896,1.387674,1.320563,1.157545,1.283155,1.247676,1.718601
46,00:00:00.485,19.5,0.485,3.405407,3.327798,4.125372,4.160695,4.245753,0.2,17462.39,7128.056,307.0162,1470.534,6256.905,-4.563481E-08,2065.188,814.2339,28.99259,149.0829,638.4473,0.5143879,447.7535,182.7707,7.872211,37.70601,160.4335,-0.01318944,0.09064665,0.1204839,0.2306707,0.1615258,0.1410259,3.265737E+08,18.32895,20.701,18.0835,18.11093,18.53387,-47.45811,0.3032431,0.3257757,0.4226085,0.3680025,0.3655999,0.003897021,0.06005402,0.06158995,0.07264107,0.07123453,0.04954489,3.433749,1.571891,1.565582,1.455499,1.444144,1.414965,1.057293
47,00:00:00.496,21.5,0.496,5.204594,4.479849,5.321468,5.434762,5.239823,3.088093,26365.86,6656.24,374.157,1671.194,7431.563,4.842877E-07,2318.644,632.3436,28.99259,139.9274,632.9539,0.4678797,613.1595,154.7963,8.701324,38.86497,172.827,-0.01088091,0.1264188,0.1459612,0.3060656,0.1690812,0.1610491,5.421391E+07,17.71021,19.49222,21.52488,20.43545,20.4299,-153.7583,0.3629898,0.3617862,0.4683429,0.3935666,0.3979159,0.002295573,0.1762694,0.09338525,0.0011571,0.04951416,0.04977208,8.151546,1.373504,1.460199,1.418906,1.33936,1.325807,1.412456
48,00:00:00.506,25.5,0.506,5.097122,4.95677,5.861317,5.682224,5.786325,0.2,40528.13,8569.75,636.4636,3594.928,16562.85,5.565118E-06,3723.716,785.3939,49.59258,290.994,1314.737,0.5702909,794.6691,168.0343,12.47968,70.48878,324.7618,-0.005148884,0.08207414,0.0934213,0.1495051,0.119788,0.1216246,393134.6,25.33044,28.47289,25.62791,25.84515,26.27308,206.7125,0.2933745,0.3047168,0.3535464,0.341673,0.3465455,0.0004780138,0.006649393,0.1165839,0.005015961,0.01353548,0.03031689,7.106372,1.594297,1.605024,1.469105,1.453019,1.436822,0.7444526
49,00:00:00.516,23.5,0.516,6.186599,5.697399,5.55173,5.230464,5.388137,21.12296,33442.34,10836.51,727.4087,4085.513,17752.92,8.910894E-06,2613.3,883.2057,55.23851,345.6221,1493.576,0.3944772,711.5391,230.5641,15.47678,86.92581,377.7218,-0.008392943,0.1319523,0.1276759,0.2454802,0.1474605,0.1342375,1873549,18.48909,19.38624,22.22719,22.46896,22.69423,-106.1684,0.3757685,0.363594,0.4217162,0.3691813,0.3659545,0.002270838,0.2132301,0.1750537,0.05416226,0.04387394,0.03428812,5.517804,1.326525,1.3745,1.446003,1.417996,1.395887,1.34418
50,00:00:00.527,23.5,0.527,4.157703,3.918568,4.862842,4.659465,4.700638,22.48374,14362.16,11792.2,495.1628,2170.629,10154.73,1.454027E-06,1514.634,1245.155,38.75851,202.7955,950.1938,0.3406989,305.5779,250.8979,10.53538,46.1836,216.0581,-0.007248882,0.07792233,0.09312393,0.3015569,0.1228645,0.1157686,1.132215E+07,21.57296,23.29962,22.0678,21.84858,22.00272,-85.46886,0.2795009,0.2888768,0.4485625,0.326798,0.3272711,0.001081684,0.08200151,0.008526993,0.06094483,0.07027334,0.06371405,4.636972,1.676863,1.698981,1.573965,1.556723,1.534943,0.7560059
51,00:00:00.537,21.5,0.537,3.341452,3.368412,5.632629,4.642745,4.612849,20.05032,18606.83,3950.621,346.5377,1150.09,5111.545,-9.736046E-06,2193.823,444.8073,23.19407,106.8148,477.9199,0.67734,432.717,91.87492,8.059016,26.74628,118.8731,-0.01058436,0.08174441,0.1072481,0.4544621,0.1595452,0.13803,1865356,18.21946,19.33712,21.24571,19.58777,19.51191,-56.32683,0.2843167,0.3051005,0.5558386,0.3660156,0.3613781,0.00128162,0.1525835,0.1005991,0.01182759,0.08894107,0.09246925,3.619853,1.679228,1.677486,1.639657,1.452495,1.434202,1.082627
52,00:00:00.547,21.5,0.547,3.633474,3.943048,6.803763,5.220672,4.909819,19.39481,19810.94,6466.873,831.4768,1844.386,7426.832,-5.320646E-06,2238.533,679.7998,43.33628,155.9496,667.5924,0.5462358,460.7195,150.3924,19.33667,42.8927,172.717,-0.01270328,0.08676202,0.1157416,0.5819477,0.1894524,0.1423118,2648400,20.51012,23.29354,21.16462,21.35005,21.58148,-31.04351,0.2925373,0.3238528,0.731242,0.3973084,0.3723988,0.002860866,0.0460407,0.08342022,0.01559919,0.006974628,0.003789563,2.443884,1.641267,1.568794,1.773817,1.383838,1.390392,0.9495266
53,00:00:00.558,17.5,0.558,3.286638,3.71241,8.993707,3.874063,4.446641,15.72443,8079.318,30990.94,82972.05,12679.53,762.3524,-5.178154E-07,933.7139,3391.522,4489.426,1351.512,75.07554,0.4828696,230.8377,885.4553,2370.63,362.2722,21.7815,-0.01145863,0.1341067,0.1449586,0.3263275,0.1546059,0.1788262,2.672732E+07,16.38023,17.4883,19.85895,17.14481,17.8717,-58.78471,0.3600638,0.3789026,0.6062734,0.3894063,0.4169835,0.002917454,0.0639869,0.0006685075,0.134797,0.02029646,0.02123985,4.359126,1.43426,1.37302,1.163686,1.348235,1.283661,1.522495
54,00:00:00.568,39.5,0.568,6.339953,5.274709,7.223758,6.911121,7.31848,12.54132,23874.48,10686.06,1352.275,7347.026,33105.57,-7.074326E-06,1819.208,923.9479,79.9585,504.6236,2161.474,0.5280269,302.2086,135.2665,17.11741,93.00034,419.0578,-0.002288756,0.04849609,0.04864251,0.2400399,0.08256817,0.07369895,5864171,48.71967,49.8103,45.67513,47.14671,47.78152,2076.021,0.2232757,0.2074526,0.3244484,0.2532641,0.2594534,4.35387E-05,0.2334094,0.2610202,0.1563324,0.1935877,0.2096586,51.5575,2.008893,2.212432,1.876038,1.890181,1.810615,1.399464
55,00:00:00.578,21.5,0.578,3.615474,3.243228,4.843215,4.364846,4.676501,20.48207,15073.4,7699.667,387.2799,1592.761,6971.648,-6.318092E-06,1721.397,900.9064,32.65481,153.2029,655.8428,0.6468105,350.5441,179.062,9.00651,37.04095,162.1314,-0.009874294,0.08217865,0.091115,0.2912988,0.1484708,0.1288846,616542.4,19.76562,21.82124,20.77778,21.41119,21.57753,62.18553,0.286379,0.2852949,0.4229279,0.3542996,0.3508445,0.001174901,0.08066906,0.01494144,0.03359173,0.004130703,0.003605854,1.89235,1.654264,1.720103,1.539883,1.49083,1.446235,1.347158
56,00:00:00.589,21.5,0.589,3.02713,3.317277,5.277236,4.496811,4.612783,20.48207,11601.46,5178.229,201.117,689.5657,3217.414,-3.2112E-06,1413.16,593.585,14.03852,64.39406,299.0814,0.5103191,269.8014,120.4239,4.677139,16.03641,74.82359,-0.008960985,0.07790626,0.0943628,0.4066184,0.175031,0.1398626,921976.2,19.51036,21.25867,23.36874,20.36247,20.41726,75.02361,0.2754545,0.2957468,0.5530517,0.372064,0.3648167,0.0008843808,0.09254149,0.01122461,0.08691817,0.05290839,0.05035984,2.48947,1.736424,1.668735,1.604173,1.478393,1.426399,1.752066
57,00:00:00.599,17.5,0.599,3.665875,3.989123,4.670593,3.669369,3.931674,0.2,20882.44,3118.076,182.1955,701.7731,2903.378,-2.541579E-06,2372.204,318.3081,13.88592,74.46516,307.3214,0.5490846,596.6412,89.08789,5.205586,20.05066,82.95367,-0.006896995,0.1214128,0.1840241,0.4757451,0.2110872,0.1652895,366096.1,18.18856,18.51126,16.6809,16.62557,16.7082,80.35332,0.3532164,0.4119353,0.6249227,0.4100058,0.3949107,0.001394626,0.03934644,0.05778604,0.04680546,0.04996739,0.04524548,3.591618,1.40054,1.338223,1.546324,1.411173,1.352516,1.162103
58,00:00:00.609,27.5,0.609,5.765066,5.532618,5.540916,5.524394,5.597991,27.42282,32258.22,7154.149,727.7139,4168.218,19055.91,-9.997166E-07,2726.066,593.585,55.84887,345.317,1561.632,0.5620146,586.5131,130.0754,13.23116,75.78578,346.4711,-0.006430587,0.08828276,0.09760662,0.2066238,0.1229032,0.1055988,1.436008E+07,25.67652,28.45636,29.47956,29.83856,30.04633,-12.44092,0.3040613,0.3041492,0.3599622,0.3175081,0.3159968,0.0004557265,0.06630854,0.03477674,0.07198384,0.08503841,0.09259389,1.452397,1.62906,1.598822,1.606247,1.582112,1.550489,1.602798
59,00:00:00.620,9.5,0.62,2.28087,2.855727,4.03691,3.043986,2.603688,0.2,5077.06,1041.597,91.70812,98.11701,61.4948,-7.352792E-07,694.6013,132.7555,9.460738,11.59703,7.78222,0.1715482,267.2137,54.82088,4.826744,5.164053,3.236568,-0.009028893,0.291523,0.3168021,0.4735787,0.4165587,0.3555402,6186993,8.283572,9.878407,9.284526,9.642302,10.32506,-42.54865,0.5513257,0.5803627,0.7164879,0.6564443,0.5997223,0.01041265,0.1280451,0.03983222,0.02268149,0.01497913,0.08684864,5.478806,1.081088,1.06151,1.107504,1.11183,1.127256,0
60,00:00:00.630,15.5,0.63,2.315955,2.989366,8.76525,3.356704,3.784855,7.074412,7595.142,29135.56,80091.71,12550.13,746.788,1.102686E-06,1010.468,3582.568,4489.426,1453.597,80.72146,0.4223534,245.0046,939.8569,2583.604,404.8428,24.08993,-0.01296257,0.1229077,0.1435138,0.3842597,0.1635771,0.2004922,1.143853E+07,13.68295,14.89116,17.77819,14.80924,15.42807,-53.00338,0.345357,0.3764572,0.6587074,0.3987238,0.4352834,0.00471441,0.1172292,0.0392798,0.1469803,0.04456497,0.004640311,4.419573,1.454972,1.370157,1.157597,1.324296,1.274852,1.274549
61,00:00:00.640,15.5,0.64,2.451581,3.472754,14.02295,4.247723,4.294908,14.29695,175.634,305.9481,108.6459,153.6607,487.0754,-5.662441E-07,19.83703,30.51851,5.798517,11.44444,47.76147,0.3382894,5.665614,9.869292,3.504706,4.956797,15.71211,-0.01091258,0.2840519,0.2931558,0.7441846,0.5695585,0.2452714,8522590,14.6351,17.14963,14.375,14.06753,15.35808,11.56447,0.4630017,0.5077832,0.8716967,0.7236846,0.4804249,0.002267419,0.05580001,0.1064275,0.07258064,0.0924176,0.009155952,0.2539053,1.451572,1.345704,2.943769,1.735597,1.229456,1.445202
62,00:00:00.651,19.5,0.651,2.657856,3.309754,3.94296,4.257255,4.099631,17.40308,13471.63,3937.193,202.9481,757.622,3209.632,-3.946014E-06,1762.749,460.9821,17.24296,73.09184,333.2621,0.5156464,345.4265,100.9537,5.203797,19.42621,82.29825,-0.0100879,0.07655751,0.10607,0.409701,0.2167859,0.1357152,4290974,15.81667,17.5379,16.91053,17.51279,17.20728,-70.37106,0.2758467,0.3143176,0.5184063,0.4027045,0.3569438,0.00148718,0.1888885,0.1006203,0.1327935,0.1019082,0.1175752,4.608772,1.699826,1.574296,1.601454,1.464402,1.442588,1.289321
63,00:00:00.661,21.5,0.661,3.618583,3.866068,5.059807,5.460007,5.300862,2.298033,23236.79,6032.747,330.9733,1240.73,5542.772,-3.621913E-06,2658.925,655.5376,25.33036,104.9837,478.2251,0.4798034,540.3906,140.2964,7.697052,28.85419,128.9017,-0.007088534,0.0793569,0.0974077,0.33752,0.1679057,0.1485577,3767420,19.69795,21.08534,20.47994,19.91957,20.25163,-75.17902,0.2835265,0.3058821,0.4923184,0.3889862,0.3792048,0.001273952,0.08381622,0.01928641,0.04744443,0.07350851,0.05806399,4.496699,1.658975,1.594382,1.492149,1.365706,1.359918,1.149197
64,00:00:00.671,11.5,0.671,3.075006,3.707066,2.279243,6.670413,3.821613,0.2,1322.367,771.9658,35.09629,89.72442,147.557,8.596107E-07,160.3748,85.29924,3.357036,6.56148,15.41185,0.420242,57.49422,33.56373,1.525926,3.901062,6.415522,-0.01827135,0.2672951,0.3063785,0.925224,0.5765063,0.3661598,5330068,9.57189,10.83712,14.00435,9.234694,11.41572,-7.740512,0.5147157,0.5602945,0.7839127,0.7702577,0.6049376,0.01958742,0.1676617,0.05764157,0.2177694,0.1969831,0.007328808,1.673088,1.141227,1.092094,3.02319,1.517741,1.126518,1.384265
65,00:00:00.682,25.5,0.682,5.870843,5.06794,7.109484,6.93631,6.881293,0.2,42598.5,18579.36,609.6072,3379.467,15674.46,2.365327E-06,3381.451,1691.946,36.77481,232.2459,1097.903,0.6426122,835.2647,364.3013,11.95308,66.26407,307.3423,-0.004757056,0.1243391,0.09338498,0.3222633,0.1659869,0.1473256,1794304,20.60193,23.10516,24.4781,23.57561,23.86752,72.31178,0.3593532,0.3076784,0.4909082,0.400243,0.3902166,0.0004283273,0.192081,0.09391532,0.0400746,0.07546633,0.06401902,1.835756,1.460045,1.569822,1.380793,1.318876,1.308448,2.012367
66,00:00:00.692,19.5,0.692,3.178012,3.537251,4.020739,3.950739,4.115848,18.31334,19542.99,5313.425,237.434,919.8279,4459.67,-2.184883E-06,2380.444,599.231,21.97333,94.1496,465.4073,0.3367392,501.1022,136.2417,6.088052,23.58533,114.3505,-0.008207045,0.0899671,0.1171865,0.2776342,0.1824579,0.1308836,5364130,17.09405,17.45386,17.83548,16.68398,16.79706,-72.79644,0.2980755,0.328928,0.4490512,0.3686461,0.3499386,0.003127126,0.1233822,0.1049301,0.08536023,0.1444115,0.1386121,4.733151,1.60467,1.532409,1.561576,1.506582,1.453914,1.48452
67,00:00:00.702,15.5,0.702,2.159834,2.874147,8.575103,3.242784,3.748318,0.2,7658.925,29184.09,77816.86,12361.22,746.788,-2.801418E-06,1035.035,3583.789,4489.426,1464.736,82.24739,0.4378436,247.0621,941.4222,2510.221,398.749,24.08994,-0.00312701,0.1355488,0.1601639,0.3607314,0.1523951,0.1827538,971953.2,15.24277,16.50992,19.0934,16.19028,16.78709,153.3449,0.3462444,0.3832663,0.6378183,0.3880851,0.4198987,0.0005147362,0.01659563,0.06515621,0.231832,0.04453403,0.08303782,8.893219,1.483361,1.387895,1.17183,1.339646,1.286868,1.974522
68,00:00:00.713,17.5,0.713,4.566616,5.64017,13.45181,4.747511,5.118004,18.75656,16834.62,55036.47,121094.7,34623.4,2086.703,1.616776E-06,1698.66,4651.479,4568.926,3334.147,186.9259,0.3358832,480.9892,1572.471,3459.849,989.2401,59.62009,-0.008525188,0.1401429,0.1737419,0.614257,0.168465,0.1952912,8567282,15.2318,15.87737,20.70502,15.5907,16.1358,-81.08506,0.3861394,0.4347859,0.8070912,0.4174996,0.444274,0.001787934,0.1296115,0.09272192,0.1831441,0.109103,0.07795455,5.633432,1.29314,1.217067,2.217872,1.255884,1.219803,1.256733
69,00:00:00.723,29.5,0.723,5.922686,5.60078,7.551348,7.354308,7.102684,28.48728,23200.94,19364.3,738.3954,3943.907,19447.46,1.755543E-06,1860.256,1588.489,42.57332,254.0666,1290.628,0.3358237,393.2362,328.2085,12.51518,66.84589,329.618,-0.005691897,0.07924496,0.08742672,0.2581001,0.1418489,0.1203171,402873.2,30.52457,29.6522,30.1769,30.37782,30.64327,139.2643,0.2867811,0.2913803,0.4253482,0.3528409,0.3443198,0.0006044357,0.03473135,0.005159193,0.02294563,0.02975643,0.03875496,3.720824,1.64077,1.647277,1.455872,1.454795,1.438555,1.801391
70,00:00:00.733,29.5,0.733,5.240973,6.0935,6.766561,6.982431,7.011793,28.48728,32742.85,26627.4,900.4487,4932.859,22858.52,1.757871E-06,2858.822,2101.352,58.90073,333.1096,1532.64,0.5076188,554.9636,451.3119,15.26184,83.60779,387.4325,-0.006908764,0.07079861,0.08687511,0.2082054,0.1248792,0.1165019,7575177,27.45333,26.90061,29.25504,29.35456,29.34015,21.65312,0.2701125,0.3005629,0.3839653,0.3417098,0.3439454,0.0005797758,0.06937883,0.088115,0.008303679,0.004930024,0.005418827,0.2659959,1.724556,1.619105,1.492133,1.460742,1.445412,1.305982
71,00:00:00.744,31.5,0.744,24.33461,22.92292,23.29641,22.52501,23.12171,10.46013,93506.88,198693.4,16173.74,5528.276,638.5999,5.662441E-06,2383.19,4737.083,391.8577,145.1155,17.39555,0.3172238,1484.236,3153.863,256.7261,87.7504,10.13651,-0.002078925,0.6802416,0.6859329,0.6206067,0.596792,0.6583713,4051901,30.06978,24.14017,30.94151,31.66138,32.50132,-988.7812,0.8309789,0.8229935,0.813569,0.7946672,0.8199751,0.0002088382,0.04540394,0.2336455,0.01772968,0.005123056,0.03178775,32.38988,2.158221,2.973772,1.617127,1.554728,1.761569,0
72,00:00:00.754,13.5,0.754,4.001985,4.228548,5.103981,12.68557,3.450333,12.31572,44.09925,41.0474,37.69036,56.30665,123.4474,1.378357E-07,3.662221,3.509629,3.204444,2.746666,13.27555,0.3264341,1.633306,1.520274,1.395939,2.085432,4.572125,-0.007460518,0.5479043,0.4935744,0.618111,0.8281303,0.2969369,1.177565E+07,13.55363,14.0223,10.60729,13.66667,13.644,32.21936,0.7263141,0.6873652,0.6849327,0.9364905,0.5172091,0.001613028,0.003972833,0.03868924,0.214275,0.01234568,0.01066703,1.386619,1.542302,1.348961,1.665611,3.986251,1.245856,1.665136
73,00:00:00.764,27.5,0.764,6.388399,5.127445,6.123415,6.473736,6.42607,4.908195,34550.46,11223.79,710.6235,3692.129,16862.7,1.42958E-05,2673.727,1002.228,52.33924,270.5466,1244.85,0.5588058,628.1902,204.069,12.92043,67.12962,306.5945,-0.00440227,0.09333704,0.07968102,0.1572298,0.1247084,0.1182218,1097151,29.42192,30.31662,28.63861,28.33617,28.7948,532.4645,0.318362,0.2814598,0.3553769,0.3443423,0.3448026,0.0002186925,0.06988794,0.1024227,0.04140395,0.03040623,0.04708372,18.36234,1.511863,1.670951,1.481882,1.443123,1.432993,1.354612
74,00:00:00.774,21.5,0.774,3.550749,3.501312,5.722434,4.615363,4.703514,4.414299,18439.29,6683.859,370.037,1534.471,6609.394,-6.109476E-07,2107.456,744.1939,27.61925,139.9274,616.0161,0.7453027,428.8206,155.4386,8.605511,35.68536,153.7068,-0.002474755,0.08423289,0.1065629,0.246829,0.1773315,0.1330979,1.59592E+07,20.29553,21.94827,20.80536,20.58691,20.88909,722.2303,0.2910718,0.3066561,0.4658073,0.3801391,0.3587344,4.592344E-05,0.0560218,0.02084964,0.0323088,0.04246915,0.02841447,32.59211,1.640711,1.64852,1.318327,1.449242,1.424926,1.742691
75,00:00:00.784,17.5,0.784,2.699821,3.119574,5.337569,3.863604,4.182105,0.2,11835.23,4233.985,201.5748,794.5494,3567.156,-3.259629E-09,1518.906,500.5036,14.64889,81.48442,364.5436,0.6232812,338.1495,120.971,5.759279,22.70141,101.9187,-0.007418422,0.1001198,0.1340618,0.4205032,0.208953,0.1655541,1.526007E+09,15.54387,16.7439,17.5193,16.20492,16.55858,8.328223,0.313403,0.3502322,0.6089419,0.4199042,0.3996025,0.001279073,0.1117789,0.0432057,0.001103058,0.07400477,0.05379524,0.5241015,1.553325,1.478088,1.361204,1.363962,1.322495,1.706452
76,00:00:00.794,23.5,0.794,4.021467,3.863246,5.202893,4.399405,4.533764,1.760281,20805.54,10920.59,349.2844,1338.237,5864.437,-6.813265E-06,2283.395,1168.554,25.63555,129.0933,567.9495,0.6756523,442.671,232.353,7.431582,28.47312,124.7753,-0.001896185,0.07248303,0.09150837,0.3252383,0.1382426,0.1131463,955608.1,22.06613,23.28428,21.45915,22.0081,22.41096,790.7444,0.2730969,0.2855411,0.4614297,0.3260661,0.3182439,3.950754E-05,0.06101563,0.009179614,0.08684458,0.06348529,0.04634215,32.6487,1.69773,1.715463,1.587719,1.622559,1.579927,1.333469
77,00:00:00.804,19.5,0.804,3.725049,3.556628,4.567362,4.387183,4.614399,3.519409,20376.29,9417.86,235.7555,901.822,4269.998,9.49949E-08,2296.671,1058.687,21.36296,87.58813,410.0162,0.294879,522.4691,241.4836,6.045013,23.12364,109.4871,-0.005929296,0.0990481,0.1170332,0.2346246,0.185693,0.1496456,1.061543E+08,16.97031,18.13592,17.53657,16.94349,17.15027,-81.94738,0.3180962,0.3312425,0.4409733,0.3879546,0.3793447,0.001885468,0.1297275,0.06995269,0.1006887,0.1311033,0.120499,5.20243,1.514385,1.521497,1.371432,1.426004,1.362311,1.195152
78,00:00:00.814,17.5,0.814,3.104402,3.393723,4.659488,3.694556,4.021315,16.29686,14934.54,2561.114,204.7792,667.2872,3145.543,-5.278736E-06,1819.208,290.994,15.41185,68.05628,327.6162,0.524138,426.7011,73.17467,5.850834,19.06535,89.87266,-0.01497552,0.108832,0.1445164,0.5108885,0.234474,0.1650789,1741314,16.50307,17.80041,16.81595,15.75555,16.0668,-13.54332,0.3301891,0.3661516,0.6132298,0.436136,0.3966083,0.005256919,0.0569677,0.01716601,0.03908878,0.09968312,0.08189718,1.773904,1.486888,1.427876,1.606927,1.411385,1.343121,1.545741
79,00:00:00.824,21.5,0.824,2.72379,3.105617,4.696287,4.253843,4.366208,2.672011,13910.49,6750.847,241.8592,987.579,4262.673,1.537148E-06,1795.251,792.8709,19.07407,93.38664,417.4932,0.5413459,323.4998,156.9964,5.624632,22.96695,99.13193,-0.003108187,0.06773396,0.1109452,0.3707866,0.1911047,0.1285487,7283067,21.04581,22.4563,19.90662,21.57849,21.83637,513.418,0.2560709,0.2912777,0.4848331,0.3808502,0.3425109,0.0001527651,0.02112516,0.04447889,0.07411049,0.003650789,0.01564512,22.8799,1.818807,1.733758,1.691379,1.504432,1.49875,1.276997
80,00:00:00.834,27.5,0.834,3.986385,5.336647,7.708886,8.083172,7.882022,26.84734,46432.54,22155.07,666.5243,3270.211,14691.31,-1.625158E-06,4459.975,1902.829,36.77481,197.3022,899.3805,0.5538182,844.228,402.8194,12.11862,59.45838,267.1147,-0.00476642,0.08979262,0.0886494,0.2777647,0.1753358,0.1475638,3904859,27.33276,29.01963,26.55861,26.43437,26.76107,125.5198,0.2912292,0.3005349,0.4824952,0.4141206,0.3949609,0.0002768757,0.00608144,0.05525925,0.03423243,0.03875015,0.02687029,3.564357,1.828638,1.589736,1.340293,1.276953,1.290587,1.417005
81,00:00:00.844,23.5,0.844,4.408875,4.125564,4.450662,4.433928,4.471036,22.02378,17117.22,9107.182,499.7406,2330.546,10561.54,-6.258488E-07,1748.1,949.2783,41.50518,227.9733,1029.695,0.7037092,364.1962,193.7698,10.63278,49.58609,224.7136,-0.01018532,0.0795588,0.09230819,0.2758072,0.1188896,0.1056466,1.488155E+07,21.74203,23.27728,24.02015,23.04911,23.33342,18.17325,0.2847533,0.292799,0.4222582,0.3131553,0.3139925,0.001511021,0.07480722,0.009477379,0.02213416,0.01918697,0.007088715,0.2266701,1.639091,1.65531,1.6349,1.602021,1.575846,1.414358
82,00:00:00.854,17.5,0.854,6.890129,3.244301,8.495045,3.396727,3.886942,0.2,22291.33,27851.96,78302.56,11590.47,716.4221,-1.475215E-06,1627.4,3128.453,4489.426,1326.029,73.7022,0.9413267,636.8951,795.7702,2237.216,331.1564,20.4692,0.0002333363,0.2694741,0.1658676,0.2953759,0.1381967,0.1900452,5630480,19.14882,16.8081,18.94128,16.14748,17.19084,-4944.112,0.5417245,0.378269,0.575932,0.3616449,0.4086979,8.608596E-07,0.09421859,0.03953728,0.08235908,0.07728696,0.01766621,283.5207,1.126613,1.451898,1.173738,1.427971,1.373606,1.937689
83,00:00:00.864,13.5,0.864,4.135974,4.936383,6.679583,4.875186,4.864078,12.07732,1704.611,1218.452,66.07258,112.1555,275.5822,-9.536743E-07,179.4488,112.9185,4.425184,8.850368,25.33036,0.4859175,63.13375,45.12783,2.447133,4.153908,10.20675,-0.01244142,0.2387531,0.2956586,0.6246534,0.5244891,0.3192539,5461839,11.88363,13.10344,16.1709,12.91837,13.55094,-10.58043,0.4954942,0.5573522,0.731182,0.7343315,0.5755733,0.005366347,0.1197313,0.02937452,0.1978445,0.0430839,0.003773428,1.783735,1.135329,1.077039,1.645575,1.309964,1.083358,2.258136
84,00:00:00.874,21.5,0.874,3.921236,3.979305,4.69815,4.326952,4.563174,20.98252,18692.59,7332.072,296.7925,1403.394,6335.032,-3.606081E-06,2011.017,764.3361,25.94073,136.2652,599.0784,0.3726347,434.7113,170.5133,6.902152,32.63706,147.3263,-0.007080384,0.09484123,0.1194191,0.2690007,0.152469,0.1361739,5656325,17.46672,19.4324,20.65193,19.45287,19.64505,-159.1228,0.3063745,0.3270893,0.4112337,0.3556432,0.3593712,0.0009948985,0.1875945,0.09616727,0.03944521,0.09521558,0.08627663,8.401059,1.58207,1.560553,1.511752,1.499065,1.437833,1.223223
85,00:00:00.884,9.5,0.884,1.910128,2.559134,3.504585,4.13118,2.688585,8.647559,122.6844,158.6963,177.0074,166.6311,50.05036,-2.086163E-07,16.48,20.14222,20.14222,17.39555,6.103702,0.2964795,6.457075,8.352434,9.316177,8.770057,2.634229,-0.003908289,0.3481367,0.3527187,0.4151107,0.448753,0.3873706,8096175,8.890547,9.653846,9.699138,9.336996,10.04573,20.31259,0.5781319,0.60172,0.6649366,0.6975645,0.6258085,0.0005312055,0.06415292,0.01619433,0.02096189,0.01715828,0.05744544,1.138168,1.146327,1.089028,1.068124,1.062198,1.132035,1.580004
86,00:00:00.894,19.5,0.894,3.366157,4.050325,4.854018,4.475391,4.744344,17.70779,13754.39,1938.841,202.0325,745.4146,3209.479,-3.759284E-06,1595.203,197.3022,14.19111,68.66665,296.1822,0.6356367,352.6766,49.71387,5.180322,19.1132,82.29434,-0.008606166,0.1029911,0.1538747,0.5353343,0.2242193,0.1682645,2295395,15.6714,18.21643,18.7213,17.44934,17.21837,-13.6807,0.3175707,0.3726935,0.6062106,0.4146285,0.4030235,0.001571365,0.1963383,0.06582394,0.03993338,0.1051623,0.1170066,1.701574,1.553246,1.438234,1.769308,1.408681,1.324064,1.733545
87,00:00:00.904,27.5,0.904,6.071792,4.13368,6.907439,6.90587,6.880226,27.18494,20934.78,9792.475,682.0887,3541.063,16038.09,-2.251938E-06,1665.548,1002.533,42.11554,245.0636,1116.978,0.5215563,380.6324,178.045,12.40161,64.38296,291.6016,-0.005442478,0.08348536,0.06562139,0.2940191,0.1399018,0.1256488,4109510,26.59942,27.62052,27.45503,28.19478,28.1962,81.61855,0.2996016,0.2534472,0.4429201,0.3635131,0.358347,0.0003083179,0.03274832,0.004382403,0.001635143,0.02526463,0.02531622,1.967947,1.597486,1.856206,1.510394,1.411809,1.389216,1.00023
88,00:00:00.914,27.5,0.914,5.057681,4.91836,6.112991,6.113834,6.291404,25.83503,24139.07,13839.08,1028.321,6144.444,26789.76,-2.384186E-06,2120.731,1257.363,73.09184,460.9821,1956.237,0.4475718,438.8922,251.6196,18.69675,111.7172,487.0865,-0.006370035,0.08998274,0.08273015,0.2103926,0.1247293,0.1187733,1.033628E+07,21.62926,24.70108,26.40748,25.70601,25.84259,-181.8201,0.2982895,0.2861356,0.3821961,0.3480076,0.348156,0.0006166965,0.2134814,0.1017789,0.03972804,0.06523591,0.06026955,7.611639,1.659409,1.673052,1.496215,1.441859,1.42859,1.740031
89,00:00:00.924,21.5,0.924,4.635222,3.770464,5.041376,5.022032,5.095865,21.2946,18417.46,8890.348,525.8339,2306.742,10290.38,-4.950911E-06,1825.617,977.0501,43.64147,210.2725,916.1657,0.5470482,428.3131,206.7523,12.2287,53.64515,239.3113,-0.01272217,0.1042957,0.09424403,0.2313577,0.1317754,0.1381053,4176010,18.43783,19.67504,20.93471,20.21294,20.3819,-78.69726,0.3303576,0.3017598,0.4244867,0.3581797,0.3689758,0.002846901,0.1424264,0.08488201,0.0262927,0.0598633,0.05200478,4.660337,1.465345,1.613982,1.395216,1.400254,1.376597,1.146509
90,00:00:00.933,27.5,0.933,4.809041,6.843937,5.923633,5.492957,5.837592,5.487492,33319.5,22431.56,887.9361,5244.454,21780.6,3.521796E-06,3058.87,1573.992,65.00443,428.7851,1707.511,0.5406395,605.8091,407.8466,16.14429,95.3537,396.011,-0.004147927,0.0846483,0.121959,0.1923953,0.1184526,0.110713,7052467,30.04391,32.33412,27.33253,26.91327,27.32806,673.4712,0.2855313,0.3564461,0.380136,0.323185,0.3283084,0.0002465838,0.09250565,0.1757863,0.006089768,0.02133582,0.006252185,23.48986,1.692689,1.432494,1.52343,1.566358,1.51016,1.66504
91,00:00:00.943,15.5,0.943,2.181751,3.000302,8.375172,3.420404,3.780115,14.08413,7712.028,23574.18,76501.52,10619.07,625.9346,9.23872E-07,1036.409,2885.525,4489.426,1222.419,68.05628,0.499167,248.7751,760.4573,2467.791,342.5506,20.19144,-0.01334503,0.126989,0.1476551,0.3503287,0.1669507,0.1899286,1238394,15.36967,16.54122,19.09123,16.42277,17.08996,33.2533,0.3498977,0.3822323,0.6291922,0.4059572,0.4271318,0.003590135,0.008408542,0.06717522,0.231692,0.05953356,0.1025778,1.145374,1.45749,1.358488,1.145063,1.306498,1.281563,1.477203
92,00:00:00.953,17.5,0.953,3.338174,3.941647,2.936322,4.76054,4.579083,15.83447,10421.16,4433.577,108.9511,328.9895,1382.489,-3.256835E-06,1203.345,470.1377,7.934813,27.16147,131.5348,0.4893827,297.7473,126.6736,3.112888,9.399701,39.49967,-0.0107357,0.1299974,0.1555386,0.6270754,0.3831318,0.1926823,2753319,15.24629,16.61194,17.19468,16.22171,16.76247,-22.04509,0.3578006,0.3913077,0.7385458,0.5544176,0.4350419,0.002848839,0.1287835,0.05074612,0.01744699,0.07304532,0.04214443,2.25972,1.424573,1.339776,2.076785,1.378071,1.255819,1.235959
93,00:00:00.963,19.5,0.963,3.751906,3.946591,4.198559,4.166168,4.175777,17.67878,18462.78,3476.669,233.0088,913.8768,3946.806,-2.192333E-06,2083.499,371.1051,19.83703,91.70812,402.6917,0.5960086,473.4047,89.14536,5.974586,23.43274,101.2002,-0.009903091,0.1007213,0.1219325,0.3720048,0.164799,0.1399292,1921973,18.67927,19.19347,17.64767,17.31925,17.67323,25.01188,0.3202164,0.3441618,0.4999032,0.3770808,0.3597172,0.002505082,0.04208855,0.01571953,0.09499102,0.1118332,0.0936807,0.2826606,1.506773,1.458208,1.578865,1.427184,1.438795,1.540559
94,00:00:00.973,15.5,0.973,2.340441,3.089842,8.349452,3.35549,3.733903,12.91995,8856.319,22198.25,76725.52,10708.79,642.7198,8.046627E-07,1187.017,2708.518,4489.426,1256.142,70.49776,0.5390497,285.6877,716.0726,2475.017,345.4449,20.7329,-0.01738868,0.120744,0.1431983,0.3538325,0.1601537,0.186799,1.237639E+07,13.50254,14.69294,17.38577,14.64219,15.21605,-17.78113,0.3438035,0.3773131,0.6324097,0.3980554,0.4210575,0.006039454,0.1288683,0.05206827,0.1216623,0.05534281,0.01831939,2.14717,1.454211,1.360651,1.141971,1.318527,1.290667,1.619923
95,00:00:00.983,23.5,0.983,4.071242,3.89175,4.988902,4.437418,4.547552,21.67832,18896.3,13401.59,583.6665,2757.347,12252.27,-1.189206E-05,2016.205,1451.308,46.84591,268.1051,1179.846,0.4059348,402.0489,285.1403,12.41844,58.66697,260.6865,-0.006982318,0.07709388,0.08500506,0.2587616,0.1167574,0.1086315,1997779,20.21239,23.13291,22.20837,22.23924,22.45744,-183.9442,0.2780774,0.2839739,0.4169128,0.317615,0.3195492,0.0008456975,0.1398981,0.01562083,0.05496315,0.05364952,0.04436409,8.827412,1.692051,1.697017,1.543756,1.586162,1.558291,0.6978937
96,00:00:00.993,9.5,0.993,8.076105,8.545952,8.22748,8.341879,7.139259,0.9665126,43392.75,77213.66,210.1199,117.6489,79.04295,-3.576279E-07,3086.337,4737.083,13.73333,8.697776,6.103702,0.1104073,2283.829,4063.877,11.05894,6.192045,4.160155,0.006224557,0.7541421,0.786065,0.7520567,0.7484825,0.6746136,9533438,8.440226,9.456896,10.14815,9.265888,10.29923,-36.51319,0.8899429,0.926138,0.9078577,0.9055128,0.8663997,0.008144154,0.1115552,0.004537234,0.06822611,0.02464332,0.08412924,4.843493,2.229092,2.51241,2.281537,2.365686,1.879041,0
97,00:00:01.003,19.5,1.003,3.010811,3.316579,4.430152,3.578322,4.120336,17.74135,13153.63,3454.695,197.1496,800.9583,3592.487,-3.71132E-06,1637.776,392.0103,15.25926,83.01035,371.4103,0.4951034,337.2726,88.58193,5.055118,20.53739,92.11504,-0.009489927,0.08425985,0.1287875,0.5277109,0.2063658,0.1366532,2924553,18.33326,19.12549,19.51935,18.18023,18.35892,-27.24408,0.2882639,0.3344966,0.5460923,0.3839281,0.3536545,0.001860378,0.05983303,0.01920585,0.0009923002,0.06768078,0.05851704,2.397132,1.647351,1.557962,1.837904,1.540695,1.453579,1.195152
98,00:00:01.013,29.5,1.013,8.237763,7.984388,8.308248,8.447073,8.667856,1.962727,59628.75,18113.19,1281.015,7553.332,35082.1,4.365109E-06,3610.035,1096.835,70.49776,432.9051,1973.479,0.6163657,1010.657,307.0033,21.71211,128.0226,594.6118,-0.004319032,0.116066,0.123459,0.2305986,0.1532294,0.1434334,474844.7,27.43631,29.22654,28.74854,28.84081,29.1871,277.6303,0.3593986,0.3618639,0.4423628,0.3933588,0.3928078,0.0003037778,0.06995554,0.009269823,0.02547319,0.02234549,0.01060687,8.411196,1.38164,1.39737,1.329882,1.318478,1.309885,1.524055
99,00:00:01.023,25.5,1.023,6.493031,5.75473,4.879194,4.680715,4.944624,5.024491,44790.04,13119.6,694.1436,3484.298,15146.64,3.72529E-06,3352.458,1067.995,57.3748,324.1066,1375.317,0.6184037,878.236,257.2471,13.61066,68.31958,296.993,-0.002321567,0.1093732,0.104752,0.2058606,0.1182214,0.1006616,7101565,29.38983,30.44436,25.34205,25.83485,26.32687,1365.896,0.3464181,0.3286571,0.3649397,0.3038058,0.3053215,4.390476E-05,0.1525424,0.1938964,0.00619399,0.01313143,0.03242636,52.56456,1.392678,1.482936,1.674903,1.664221,1.605989,1.413688
100,00:00:01.033,21.5,1.033,3.709894,3.831505,5.42052,5.375345,5.172876,21.41998,14695.88,5723.289,358.4399,1535.234,6417.738,-1.607463E-06,1640.675,615.4058,27.61925,131.5348,557.268,0.5377502,341.7647,133.0997,8.335812,35.70311,149.2497,-0.009598879,0.08790263,0.1025498,0.3361618,0.1479431,0.1471193,1.518433E+07,20.77341,23.19551,21.51511,20.91074,21.24723,-136.0048,0.2946592,0.3141294,0.4661115,0.3785312,0.3815294,0.001329214,0.03379468,0.07886094,0.0007029221,0.02740723,0.01175674,7.325806,1.629967,1.578244,1.542998,1.361852,1.352171,1.374938
101,00:00:01.043,27.5,1.043,7.46686,5.067545,4.493514,4.206311,4.617286,5.46922,42944.43,13253.88,756.4013,4001.74,17142.71,9.23872E-06,2807.245,1148.106,65.6148,399.3347,1619.007,0.3586085,780.8078,240.9797,13.75275,72.7589,311.6855,-0.006519986,0.1290003,0.09511299,0.2047463,0.09048389,0.08443666,3519135,19.46917,23.75489,27.47529,27.78856,28.01501,-359.9149,0.3714032,0.3070392,0.3302219,0.2684357,0.2761805,0.001040801,0.2920301,0.1361859,0.0008986381,0.01049311,0.01872755,14.08781,1.366766,1.615499,1.824681,1.846819,1.757425,0
102,00:00:01.053,17.5,1.053,2.864332,3.268116,4.982228,3.91839,4.389613,0.2,18249.15,3794.061,225.837,629.4443,2743.767,-1.102244E-05,2320.933,444.9599,18.4637,62.56295,270.6992,0.5373986,521.4044,108.4017,6.452485,17.98412,78.39333,-0.01535456,0.1029922,0.1308635,0.3274064,0.2394357,0.1807113,894723.2,15.13753,16.73568,15.86419,16.57721,16.71275,-21.25445,0.3226718,0.3504114,0.5387923,0.4441995,0.4186955,0.006982456,0.1349982,0.04367531,0.0934749,0.05273074,0.04498558,2.21454,1.507743,1.459969,1.274609,1.360286,1.285196,0.7728705
103,00:00:01.063,23.5,1.063,17.24267,15.91077,11.96751,8.527069,10.14193,0.2,91680.96,114892,494.3999,363.6281,426.191,-4.858943E-06,3195.288,3885.617,19.53185,17.24296,18.92148,0.2047356,1950.659,2444.51,10.51915,7.736767,9.067894,-0.001475854,0.6581987,0.6028261,0.544215,0.4518379,0.4729822,896001.1,23.88158,22.1062,24.72747,27.31473,26.98639,392.0986,0.8331389,0.8165394,0.7631677,0.6845236,0.7029792,0.000378819,0.0162374,0.0593105,0.05223273,0.1623289,0.1483572,15.68505,1.574833,1.412962,1.387402,1.353779,1.180232,0
104,00:00:01.073,25.5,1.073,5.970119,5.702018,5.016742,4.854321,5.208429,4.484135,33319.65,11192.51,972.9301,5545.213,25086.22,3.02773E-06,2690.665,891.4457,82.24739,509.6591,2180.09,0.5974534,653.3265,219.461,19.07706,108.7297,491.8866,-0.003136282,0.106309,0.1258978,0.1675192,0.1039069,0.1065088,8438479,29.07846,30.65995,26.3063,25.91522,26.34262,971.0521,0.3347283,0.3579329,0.3481051,0.3080935,0.3203514,9.831245E-05,0.1403319,0.2023512,0.0316198,0.01628303,0.03304375,37.08047,1.456355,1.421709,1.581048,1.610608,1.541008,1.244245
105,00:00:01.083,11.5,1.083,3.561974,3.58216,4.729217,5.055068,3.71875,0.2,14191.87,6339.152,51.88147,93.23405,113.834,-7.152557E-07,1605.426,711.6917,5.035554,8.850368,12.2074,0.0793584,617.0378,275.6153,2.255716,4.053654,4.949306,-0.003450396,0.2910303,0.2940351,0.4738705,0.4947892,0.3574069,2294379,11.16288,12.53677,13.61471,13.06874,13.01877,-44.04941,0.549768,0.5539055,0.6615012,0.7060485,0.5896658,0.007049411,0.02931446,0.09015384,0.1838875,0.1364122,0.1320667,4.830384,1.090026,1.08968,1.374024,1.357201,1.132506,0
106,00:00:01.093,25.5,1.093,7.002921,6.755919,8.133723,7.654037,7.893119,0.2,37761.47,19787.9,577.5628,3066.195,14353.92,-2.220273E-06,2655.721,1425.825,32.19703,190.4355,883.2057,0.7283671,740.421,387.998,11.32476,60.12147,281.4495,-0.003252339,0.1206148,0.1261254,0.2953006,0.1869491,0.1708611,2515541,25.19269,25.5835,25.58652,25.82816,25.91376,408.0616,0.3637716,0.3672076,0.519417,0.4280145,0.4259869,0.0001634356,0.01205125,0.003274474,0.003393167,0.01286893,0.01622602,15.00241,1.373306,1.380699,1.221912,1.259123,1.229052,1.367826
107,00:00:01.103,21.5,1.103,3.2645,3.506157,5.803962,4.781676,4.650933,21.81972,15290.84,3144.933,252.5407,961.1805,3996.704,6.556511E-07,1804.56,333.2621,15.25926,84.38368,371.5629,0.5796357,355.601,73.13797,5.873039,22.35303,92.94661,-0.01347989,0.07995614,0.1337228,0.5051488,0.1925068,0.1400741,3.567749E+07,19.75871,21.37501,20.71541,20.7506,20.56093,-73.34921,0.279981,0.3319885,0.6465974,0.3955262,0.3671367,0.001907091,0.08099025,0.00581339,0.03649266,0.03485603,0.04367746,4.411591,1.70734,1.626455,1.679251,1.427813,1.415887,1.267843
108,00:00:01.112,9.5,1.112,1.713532,2.14531,2.135749,2.933704,1.981255,8.448418,110.1718,114.7496,181.28,165.1051,51.42369,4.917383E-07,15.56444,15.25926,23.65185,20.75259,6.714072,0.3587477,5.798517,6.039453,9.54105,8.689745,2.70651,-0.01230249,0.3195027,0.3345873,0.3707339,0.3410783,0.3558836,2091061,8.775623,9.304522,9.207912,9.189464,9.845697,20.4907,0.5535693,0.57536,0.5944214,0.5941514,0.5876822,0.002803185,0.07625018,0.02057671,0.03074606,0.032688,0.03638919,1.156915,1.15632,1.120314,1.153086,1.084096,1.150092,1.180223
109,00:00:01.122,17.5,1.122,3.014384,3.255524,4.927094,4.194892,4.376068,15.44444,16698.66,5064.852,167.5466,540.6354,2268.288,-3.72529E-07,2024.903,599.231,12.36,53.86517,224.0059,0.4763921,477.1046,144.7101,4.787046,15.44673,64.80824,-0.00805566,0.1158592,0.1250035,0.4241553,0.1936889,0.1804069,2.035582E+07,15.54826,17.22412,16.34608,16.52357,16.47057,-29.70556,0.3379589,0.3497091,0.6409242,0.4242539,0.4195583,0.002043653,0.1115279,0.01576455,0.06593807,0.05579614,0.05882466,2.69746,1.481146,1.446641,1.32332,1.324368,1.283159,1.837445
110,00:00:01.132,37.5,1.132,7.888512,6.92232,9.355208,8.637834,8.525132,11.45671,31436.81,16333.96,1376.843,7988.22,38198.5,2.791639E-07,2009.339,1147.649,66.83554,452.8947,2180.09,0.3281836,419.1575,217.7862,18.3579,106.5096,509.3133,-0.0006614915,0.07640724,0.06374489,0.2017462,0.1023483,0.09989601,3550702,35.85844,37.30898,36.86945,37.12199,37.42028,827.9018,0.2865996,0.2552733,0.374745,0.3158017,0.3165072,1.287852E-05,0.04377482,0.005093903,0.01681481,0.01008036,0.00212594,21.07738,1.646523,1.795048,1.539739,1.535626,1.518783,3.668164
111,00:00:01.142,17.5,1.142,2.305569,2.937037,8.65774,3.396194,3.876909,2.214322,8925.597,24734.64,79406.12,11495.25,715.6591,-1.073349E-06,1195.105,3049.104,4489.426,1326.029,75.8385,0.5064675,255.017,706.7041,2268.746,328.4359,20.4474,-0.01109391,0.1017803,0.1153,0.3012462,0.1316607,0.1694658,1.508917E+07,15.42942,16.55262,19.42819,16.54029,17.14072,-76.96754,0.310403,0.3359174,0.581911,0.3583018,0.3896243,0.002689619,0.1183189,0.05413582,0.1101823,0.05484032,0.02053,5.398145,1.589353,1.491049,1.17585,1.424648,1.382684,1.500268
112,00:00:01.152,19.5,1.152,3.246904,3.318961,4.790773,4.615171,4.389421,17.48556,19835.51,3506.577,231.1777,963.1642,3971.221,-7.760711E-06,2400.281,399.3347,17.54814,90.02961,392.468,0.4645569,508.6027,89.91223,5.927634,24.69652,101.8262,-0.009917612,0.08722228,0.1228375,0.4354075,0.2095914,0.1488523,1399695,17.09203,17.84869,19.24686,18.34221,18.2317,-26.77859,0.297421,0.3285771,0.5579491,0.4003913,0.3741555,0.002075731,0.1234856,0.08468233,0.0129813,0.05937409,0.06504101,2.373261,1.595649,1.56703,1.567343,1.419441,1.3888,1.258937
113,00:00:01.162,19.5,1.162,3.648238,3.39474,4.299899,3.666358,4.218989,0.2,18820.77,2665.639,233.7718,942.259,4308.909,-3.781868E-06,2146.977,304.4221,21.51555,101.3215,440.6873,0.4991198,482.5837,68.34972,5.994149,24.16049,110.4848,-0.01279804,0.09468842,0.1278145,0.2393378,0.1718434,0.1377614,4102102,16.67239,19.62711,19.21997,19.2719,19.42227,-70.35697,0.3103948,0.3293079,0.4360436,0.3527902,0.3580688,0.006178381,0.1450059,0.006518507,0.01436031,0.01169729,0.003986264,4.60805,1.542132,1.567227,1.460349,1.54992,1.435326,1.339324
114,00:00:01.172,25.5,1.172,6.250036,5.382937,5.766997,5.260066,5.4358,4.377471,29060.49,24934.69,713.5228,4531.999,20661.03,-9.818468E-07,2283.395,2161.474,55.23851,385.1436,1708.121,0.6436752,569.8135,488.9155,13.99064,88.86272,405.1183,-0.003039997,0.1153508,0.09740953,0.1764098,0.1195965,0.118035,1.9109E+07,28.25781,29.5432,25.7917,25.36471,25.89183,758.7914,0.3499831,0.318008,0.3717603,0.3297454,0.3377049,0.0001400814,0.1081495,0.1585567,0.0114393,0.005305341,0.01536595,28.75653,1.463118,1.527625,1.477702,1.523436,1.484807,1.635141
115,00:00:01.182,25.5,1.182,5.277234,4.566782,6.953838,6.545714,6.569024,23.64882,24872.89,12610.25,505.2339,2730.949,12219.31,-3.900379E-06,2220.069,1212.653,31.28147,197.3022,883.2057,0.5638729,487.7038,247.2598,9.906548,53.54802,239.5943,-0.004248129,0.08937742,0.08940493,0.3022037,0.1644056,0.1393551,857370.2,24.19226,26.03438,24.06554,24.26468,24.76677,122.1547,0.3066097,0.2942704,0.4821865,0.3897218,0.3776957,0.0003033274,0.0512841,0.020956,0.05625337,0.04844387,0.02875432,3.790379,1.544637,1.642228,1.403029,1.361192,1.335943,1.891754
116,00:00:01.192,21.5,1.192,3.879369,3.455492,5.768449,4.890875,5.231342,24.68973,17315.29,5660.878,350.6577,1414.38,6383.862,-5.884096E-06,1904.05,638.1421,22.5837,127.8726,557.5732,0.4204472,402.6811,131.6483,8.15483,32.89257,148.4619,-0.006935602,0.0860897,0.09946097,0.431768,0.1585318,0.1465582,1833269,18.64916,18.87444,19.51393,18.47006,18.75086,-38.43719,0.2957279,0.29839,0.5824441,0.3745541,0.3793798,0.00106395,0.1325971,0.122119,0.09237558,0.1409274,0.127867,2.787776,1.602942,1.671453,1.505439,1.415643,1.35392,1.641475
117,00:00:01.202,9.5,1.202,1.484067,2.565508,2.923712,2.699756,2.703258,0.2,222.4799,185.2474,233.4666,262.7644,70.19257,-2.142042E-07,32.19703,23.49925,28.6874,32.95999,8.697776,0.2701877,11.70947,9.749861,12.28772,13.8297,3.694346,-0.01290463,0.3057456,0.3732933,0.3945898,0.3765813,0.3901314,4.051302E+07,7.505487,8.481878,8.645752,8.674216,9.336957,-49.8338,0.5340648,0.6144893,0.6280152,0.6132177,0.6282064,0.006345481,0.2099487,0.1071707,0.08992088,0.08692463,0.01716247,6.245663,1.150707,1.097873,1.113781,1.099639,1.121701,0.645034
118,00:00:01.212,27.5,1.212,6.090438,4.988234,5.001023,5.182801,5.130706,24.57375,28140.97,11369.21,835.7494,4623.402,22133.55,-3.486872E-06,2232.124,1029.695,72.48146,402.6917,1939.451,0.3773576,511.6539,206.713,15.19544,84.06185,402.4282,-0.006861111,0.09454613,0.08277225,0.1485915,0.104659,0.09389023,4789602,24.03442,25.71851,27.87256,27.7024,27.87914,-107.6243,0.3177114,0.2855199,0.3156228,0.2997895,0.2972637,0.00144367,0.126021,0.06478146,0.01354756,0.00735998,0.01378709,4.913611,1.504996,1.666384,1.67924,1.642875,1.637898,1.763388
119,00:00:01.222,9.5,1.222,3.150431,3.967946,3.587471,3.253509,3.621342,0.2,5601.52,40592.21,553.4532,308.5421,72.93924,2.104789E-07,711.5391,4489.426,63.32591,36.77481,8.239998,0.1752363,294.8168,2136.432,29.12912,16.23906,3.838907,-0.009222951,0.30465,0.3682295,0.4137351,0.3723141,0.4206987,2.24259E+07,6.657741,8.529082,8.065343,8.036597,9.07113,-40.93233,0.5675674,0.6363074,0.6530231,0.6231275,0.6689739,0.01154251,0.2991852,0.1022018,0.1510165,0.1540424,0.04514424,5.308666,1.075705,1.01726,1.062389,1.0553,1.065478,0
120,00:00:01.232,21.5,1.232,4.480712,4.31252,4.796734,4.177235,4.139739,0.2,25687.13,9801.782,341.3495,1255.379,5786.92,5.304813E-06,2602.466,984.8323,25.94073,125.5837,593.7376,0.4096476,597.375,227.9484,7.938362,29.19486,134.5795,-0.005392197,0.09555176,0.1166135,0.367844,0.1618988,0.1225876,178342.3,24.58184,24.78593,21.86813,22.80503,23.03584,70.85061,0.31522,0.3333926,0.5129433,0.3438644,0.3283021,0.001469918,0.1433415,0.1528338,0.01712218,0.06069917,0.07143418,2.295377,1.510527,1.514366,1.526188,1.578856,1.548432,0
121,00:00:01.242,17.5,1.242,2.770868,2.95753,5.699513,4.76449,4.645761,0.2,10810.57,1194.037,118.8696,408.9481,1509.598,-6.480142E-06,1381.878,132.7555,8.850368,36.77481,145.1155,0.6164516,308.8735,34.11534,3.396274,11.68423,43.13137,0.001136913,0.1020383,0.2317546,0.3510754,0.2535603,0.1814227,974986.7,16.11073,19.28792,16.48139,16.59067,17.18266,-795.8907,0.3129932,0.4038473,0.5534624,0.4711439,0.4248108,3.358822E-05,0.07938668,0.102167,0.05820649,0.05196162,0.01813403,46.47947,1.55323,1.558657,1.35756,1.27089,1.261514,1.289956
122,00:00:01.252,23.5,1.252,4.722298,4.144012,5.07795,4.914987,4.918067,2.419386,24993.59,9484.695,406.6591,1974.853,8485.824,-1.828186E-06,2411.573,984.8323,32.65481,175.4814,765.0991,0.6053517,531.7786,201.802,8.652323,42.01815,180.5495,-0.007560715,0.08955164,0.08952282,0.2755919,0.1315742,0.1198624,1978839,22.46848,24.27643,23.65704,22.40357,22.65473,164.479,0.3043585,0.2932802,0.4216215,0.342465,0.339571,0.0006578267,0.04389466,0.03303953,0.006682368,0.0466566,0.03596908,5.999106,1.563179,1.645604,1.581625,1.502847,1.482763,1.959791
123,00:00:01.262,33.5,1.262,20.66148,24.12257,13.04572,8.056194,7.272618,25.38406,135988.8,234038.7,2942.9,5166.021,20550.25,6.13695E-06,3537.401,4868.618,106.8148,283.2118,1290.628,0.2134481,2029.684,3493.115,43.92388,77.10479,306.7202,-0.002417054,0.4863827,0.5675296,0.3126062,0.1761183,0.1223894,219081.8,33.11315,33.36803,34.4929,33.57519,33.40511,3.377731,0.7374371,0.7909564,0.5745608,0.3996785,0.3440444,0.00143915,0.01154773,0.003939412,0.0296387,0.002244427,0.002832489,0.8991722,1.424172,1.563605,1.088556,1.372716,1.475691,4.355515
124,00:00:01.272,15.5,1.272,2.272337,3.100337,8.420643,3.498439,3.901989,1.128362,8718.833,27360.15,77257.16,11131.47,723.7465,-3.278255E-07,1188.086,3361.767,4489.426,1292.764,78.58517,0.410885,281.2527,882.5855,2492.166,359.0798,23.34666,-0.01325436,0.1133868,0.1382935,0.358238,0.1576567,0.191759,4.85367E+07,12.52618,13.7313,16.48313,13.63877,14.26818,-75.051,0.3351625,0.3732382,0.6358383,0.3965956,0.4264404,0.00419388,0.1918592,0.1141095,0.06342796,0.120079,0.07947195,5.842,1.464821,1.36145,1.159603,1.306819,1.281786,0.9499925
125,00:00:01.282,19.5,1.282,2.295477,2.983765,5.559888,3.537397,4.09433,18.48,8271.127,3550.981,118.4118,465.8651,1793.42,-2.861023E-06,1127.812,436.7199,7.629628,46.84591,185.3999,0.5266347,212.0802,91.0508,3.036201,11.94526,45.98513,-0.0102984,0.07433686,0.09862206,0.4762373,0.2416233,0.1411518,3432810,17.17595,17.30923,18.98196,18.31641,18.33208,2.816876,0.2677232,0.3002983,0.6608067,0.4014681,0.3571478,0.001302164,0.1191822,0.1123474,0.02656622,0.06069692,0.05989306,0.8555448,1.757293,1.629795,1.518722,1.575825,1.453755,1.398667
126,00:00:01.291,21.5,1.291,4.165565,4.742077,5.648665,5.03922,5.121279,20.48207,14064.15,10402.39,335.3984,1083.865,4505.143,-5.245209E-06,1427.809,891.4457,22.5837,94.1496,391.8577,0.5255175,327.0733,241.916,7.799963,25.20616,104.7708,-0.009960476,0.1117008,0.1700827,0.4252899,0.1793437,0.1474449,740087.5,20.64153,20.91705,20.70064,21.74025,21.68195,46.35274,0.3310769,0.4112546,0.5769178,0.3916136,0.3813638,0.001700426,0.0399286,0.0271141,0.03717967,0.01117445,0.008462963,1.155941,1.516353,1.401275,1.530746,1.390566,1.35863,1.644628
127,00:00:01.301,19.5,1.301,3.229092,3.333074,7.190213,4.799332,4.725221,18.48,11489.3,1950.743,223.8533,521.8665,2216.712,-2.980232E-06,1353.343,222.1748,12.36,46.84591,204.474,0.7505393,294.5975,50.01905,5.739828,13.38119,56.83877,-0.01034154,0.1014857,0.1235277,0.5897305,0.1897618,0.1690748,475981.6,19.06663,20.47552,18.98909,20.60292,20.4281,99.16521,0.3151124,0.3334915,0.7355705,0.4194265,0.4066744,0.001088055,0.02222399,0.05002648,0.02620033,0.0565602,0.04759484,4.085395,1.565332,1.541452,1.902629,1.321568,1.313868,1.454803
128,00:00:01.311,19.5,1.311,2.910181,3.062202,4.358204,4.250428,4.297432,23.80101,13718.22,4424.574,267.1896,925.4738,4064.455,-2.465677E-07,1707.205,523.2399,21.66814,90.02961,399.3347,0.5316321,351.7493,113.4506,6.851015,23.7301,104.2168,-0.008503394,0.08995283,0.1197409,0.3445416,0.189365,0.1491673,6116599,19.26688,21.12267,18.8418,19.89744,19.95765,74.75517,0.2964564,0.3198046,0.525241,0.3897443,0.375912,0.001017233,0.01195475,0.08321396,0.03375361,0.02038176,0.0234693,2.833598,1.632809,1.597386,1.4395,1.420625,1.395564,1.382891
129,00:00:01.321,27.5,1.321,21.57165,11.98698,19.33369,18.19156,18.68023,21.91909,74860.53,128109.7,2467.879,2423.322,659.1998,2.779299E-06,2173.528,4695.883,66.83554,69.27702,18.92148,0.1377902,1361.101,2329.267,44.87053,44.06041,11.98545,-0.001652493,0.6967065,0.704087,0.5905704,0.5462866,0.5726124,166629.3,21.92742,19.45891,26.4377,26.72823,26.21921,53.29535,0.8402644,0.7527419,0.823413,0.7904396,0.8121,0.00066242,0.2026393,0.2924031,0.03862892,0.02806441,0.04657407,0.9380128,3.606389,3.462736,1.366889,1.231094,1.325368,0
130,00:00:01.331,21.5,1.331,3.996342,3.766848,5.549933,5.031546,5.228853,19.59238,19533.07,8431.196,397.9614,1193.426,5034.944,-7.435214E-06,2101.199,916.1657,25.33036,101.3215,432.7525,0.4320793,454.2574,196.0743,9.254916,27.7541,117.0917,-0.01004853,0.09334628,0.1019412,0.4725269,0.1983754,0.1543677,1443004,19.16121,20.54001,21.23198,18.98785,19.45154,-18.82035,0.3068795,0.3111143,0.6091325,0.4089672,0.3909217,0.001891109,0.108781,0.04465084,0.01246611,0.116844,0.09527723,1.875365,1.569997,1.598969,1.539942,1.394284,1.334996,1.531066
131,00:00:01.341,23.5,1.341,5.542711,4.965885,5.567339,4.882928,5.238764,21.04776,36523.95,8062.838,505.0814,2233.65,10076.45,-3.159046E-06,3102.512,731.3761,37.53777,198.9807,860.0117,0.5020527,777.1052,171.5497,10.74641,47.52446,214.3925,-0.01068204,0.1078663,0.1106885,0.2892319,0.1236215,0.1292374,5552967,20.77524,22.34685,24.39879,24.50881,24.55475,-59.27698,0.3388451,0.333859,0.4460315,0.3428383,0.3548788,0.00187229,0.1159471,0.04907038,0.03824645,0.0429282,0.04488303,3.522425,1.427085,1.47588,1.478559,1.478952,1.429303,0.9661902
132,00:00:01.351,11.5,1.351,2.242561,3.183711,5.384302,4.545553,3.766093,7.999545,1270.333,529.0384,63.32591,47.91406,116.4281,1.643784E-07,174.8711,63.32591,5.035554,3.967407,12.51259,0.4721977,55.23187,23.00167,2.7533,2.08322,5.062092,-0.01630327,0.2020238,0.2712078,0.5608192,0.5898606,0.3565862,3.847643E+07,9.264985,10.66484,11.00964,11.77389,10.99476,-10.63273,0.4439925,0.5183759,0.7723614,0.7822596,0.5894803,0.005871766,0.1943491,0.07262261,0.04264013,0.02381612,0.04393413,1.924585,1.217487,1.138092,1.313804,1.49942,1.140705,1.544212
133,00:00:01.361,21.5,1.361,3.698837,3.927308,5.209964,5.175303,5.138114,20.48207,20162.21,6215.095,316.477,1041.597,4651.174,-4.082918E-06,2228.462,650.0443,21.21037,90.02961,406.9644,0.5221463,468.8885,144.5371,7.359929,24.22318,108.1668,-0.01156164,0.09122112,0.1182295,0.4655864,0.179833,0.1511722,580030.6,21.75958,22.81829,22.5675,21.40375,21.66333,96.8393,0.3018445,0.3288611,0.5954282,0.3946672,0.3841986,0.001657091,0.01207347,0.06131587,0.04965127,0.004476728,0.007596803,3.504153,1.607082,1.556756,1.607441,1.376132,1.355464,1.464577
134,00:00:01.371,21.5,1.371,3.512408,3.646435,6.212139,4.670064,5.091725,19.52562,18081.76,4048.433,315.714,761.2842,3261.818,-7.115988E-06,2038.484,441.1451,16.93777,69.27702,285.9584,0.5660346,420.506,94.1496,7.342186,17.70428,75.85624,-0.007614078,0.09004301,0.1095932,0.5543821,0.1853756,0.155389,1454665,18.9077,20.40439,20.08797,20.68811,20.65358,-14.16417,0.2976459,0.3175667,0.7391508,0.3919131,0.3870262,0.001007213,0.120572,0.05095838,0.06567603,0.03776215,0.03936821,1.658798,1.634393,1.593178,1.643463,1.435916,1.351108,1.146509
135,00:00:01.381,11.5,1.381,1.856023,2.367181,10.65003,8.843508,2.787265,10.20649,413.3732,1205.481,50.66073,72.78665,83.9259,9.350479E-07,57.3748,160.5274,3.051851,4.425184,9.918516,0.4467462,17.97275,52.41223,2.20264,3.164637,3.648952,-0.01507588,0.2303562,0.2306305,0.902485,0.7374033,0.3397117,2889149,10.47508,11.80975,12.1506,12.67924,12.31455,14.1463,0.4589996,0.4725448,0.9389399,0.8876237,0.5557411,0.003754827,0.08912321,0.02693451,0.05657412,0.1025431,0.07083004,0.2301133,1.247021,1.203114,4.221175,2.200189,1.226955,1.337327
136,00:00:01.391,21.5,1.391,5.624206,4.859413,4.380379,4.70143,4.654855,1.271382,22721.49,5059.816,352.794,1467.483,6108.28,8.149073E-08,1919.157,469.3747,28.53481,133.8237,573.1376,0.5014359,528.4067,117.6702,8.204512,34.1275,142.053,-0.00507215,0.129758,0.1230526,0.3331668,0.1681214,0.1337896,8.6135E+07,23.59404,24.39766,20.75519,21.47416,22.00599,240.8634,0.3717562,0.3510754,0.485227,0.3739401,0.358772,0.0005454497,0.0973971,0.1347749,0.03464231,0.001201843,0.02353467,10.20295,1.336437,1.424278,1.576146,1.444427,1.434774,1.271481
137,00:00:01.401,27.5,1.401,5.844847,4.859897,5.828162,5.208553,5.231959,26.48629,19364.15,25447.86,865.6576,4229.561,19483.78,-5.096197E-06,1469.161,2321.085,63.78369,361.3392,1662.038,0.5460796,352.0754,462.6884,15.73923,76.9011,354.2505,-0.005888409,0.1157345,0.08294877,0.2216013,0.1112,0.1022531,2044749,27.94586,30.79883,27.4123,26.00043,26.36824,323.8942,0.3381488,0.2865747,0.3693977,0.3075083,0.3075382,0.0004252192,0.01621292,0.1199575,0.00318895,0.05452971,0.04115483,10.77797,1.536743,1.672734,1.633779,1.653927,1.643407,1.395259
138,00:00:01.411,21.5,1.411,3.804273,3.410344,5.219838,4.321753,4.542032,20.48207,17456.59,5509.964,318.1555,1255.989,5397.351,-5.969778E-07,1939.757,632.9539,22.5837,120.0903,514.0843,0.6475775,405.9672,128.1387,7.398964,29.20905,125.5198,-0.009891996,0.08433853,0.09287041,0.4107906,0.1901142,0.1361772,1.594415E+07,18.94786,20.50162,21.87626,20.25744,20.41882,26.18059,0.293173,0.2968263,0.543314,0.367807,0.3549964,0.0009170811,0.1187043,0.04643627,0.01750042,0.05779342,0.05028755,0.217702,1.616809,1.657479,1.554855,1.523018,1.454904,1.531066
139,00:00:01.421,15.5,1.421,2.32679,2.998626,8.570853,3.288788,3.629736,12.96683,8258.919,28558.76,78511.01,12152.32,751.5184,-2.05636E-06,1113.315,3516.343,4489.426,1440.169,83.62072,0.5216323,266.4167,921.2505,2532.613,392.0103,24.24253,-0.01303185,0.120269,0.1390979,0.3671279,0.1526552,0.1848365,3484538,14.05491,15.27132,18.0624,15.16994,15.78132,-5.485342,0.3424398,0.3720378,0.6439121,0.3904836,0.4201986,0.003333903,0.09323155,0.0147537,0.1653158,0.02129407,0.01814966,1.353893,1.456631,1.372201,1.158754,1.325395,1.298292,1.348496
140,00:00:01.431,29.5,1.431,8.236871,7.908542,8.406533,8.066195,8.07779,2.593143,57007.97,29423.96,1025.422,5671.408,25983.61,7.760711E-06,3411.512,1818.598,50.96591,336.314,1546.068,0.5825302,966.2368,498.7113,17.38003,96.12555,440.4002,-0.004658137,0.1226258,0.1176915,0.3196782,0.1518118,0.1442602,288449.9,27.36792,30.53823,28.04896,28.40089,28.61942,255.0269,0.3678359,0.3589405,0.5094624,0.3909138,0.3882251,0.0002941769,0.07227375,0.03519419,0.04918785,0.03725785,0.02985006,7.644981,1.357018,1.38216,1.365918,1.306869,1.305375,2.155339
141,00:00:01.441,15.5,1.441,2.19975,2.898632,8.589886,3.389935,3.77423,14.03909,8101.444,24741.81,78398.39,11478.93,690.7865,7.748604E-07,1111.637,3071.078,4489.426,1339.763,75.07554,0.6183344,261.3369,798.123,2528.98,370.288,22.28344,-0.01408114,0.1137526,0.14098,0.3664507,0.1603852,0.1922591,9569668,14.27548,15.44188,18.26248,15.35296,16.09499,2.815711,0.3353018,0.3732812,0.6435427,0.3984667,0.4261492,0.002435956,0.07900102,0.003749975,0.1782244,0.009486253,0.03838617,0.8183413,1.473991,1.375092,1.158573,1.313201,1.290407,1.509073
142,00:00:01.451,21.5,1.451,3.543799,3.741108,4.46564,4.622185,4.795728,1.852284,15647.15,3105.564,299.0814,1421.094,6013.062,-5.593523E-06,1789.758,327.1584,24.10962,130.314,547.8073,0.5905589,363.8871,72.22241,6.955381,33.04871,139.8387,-0.004044136,0.08231691,0.1278468,0.3031599,0.1731849,0.1388281,1582150,19.54633,21.62166,19.08316,20.56684,20.61506,400.0605,0.2860035,0.3276067,0.4698571,0.3747913,0.3644476,0.0001703333,0.09086827,0.00565855,0.112411,0.04340269,0.04116006,17.60747,1.663244,1.601287,1.552466,1.45296,1.412709,1.627504
143,00:00:01.461,27.5,1.461,5.936666,7.677494,7.551414,7.220896,7.206189,28.58071,28935.82,16827.75,542.4666,3205.817,15140.23,6.407499E-07,2347.484,1067.995,32.34962,210.2725,993.5302,0.4186775,526.1058,305.9592,9.863028,58.28758,275.277,-0.006703216,0.1010569,0.1243302,0.2143756,0.1488872,0.1353582,1.137544E+07,25.53537,26.32169,25.87679,25.86254,26.23112,47.77959,0.323707,0.3672315,0.419079,0.3810319,0.3753376,0.0008244208,0.07144093,0.04284752,0.0590257,0.05954418,0.04614099,0.7374396,1.558735,1.393753,1.399027,1.348305,1.339705,1.086291
144,00:00:01.470,23.5,1.47,5.592282,4.862334,7.001647,6.057747,6.115164,22.21161,37124.55,7206.488,511.0325,2146.214,10249.79,3.986992E-06,3156.53,673.6961,34.7911,163.274,778.3746,0.5614029,789.884,153.3295,10.87303,45.66413,218.0807,-0.008076186,0.1079842,0.09858619,0.1979922,0.1660249,0.1532286,1836699,22.81223,24.86137,23.18334,22.91418,23.25027,17.07592,0.3408661,0.3161839,0.437396,0.401382,0.3936308,0.001468027,0.02926664,0.05793071,0.01347497,0.02492833,0.01062674,0.2733651,1.413554,1.527313,1.24952,1.311387,1.309943,1.560538
145,00:00:01.480,21.5,1.48,4.347394,4.020617,4.971646,5.257023,5.090991,19.13843,24438,3445.845,273.2933,1184.118,5544.451,-3.238209E-06,2516.556,361.3392,21.05777,98.57479,482.4977,0.6029366,568.3256,80.13593,6.355657,27.53763,128.9407,-0.009370693,0.09526225,0.1050698,0.3172631,0.1979106,0.1528036,1490972,20.18876,21.96342,20.63149,21.19974,21.52806,43.85107,0.3143386,0.3174846,0.4884672,0.404294,0.383377,0.001450927,0.06098799,0.02155452,0.04039578,0.01396548,0.001305039,1.039585,1.519973,1.553856,1.47232,1.381575,1.362709,0.9149867
146,00:00:01.490,29.5,1.49,7.153896,6.621381,8.38832,7.795209,7.886296,2.625946,45837.89,39685.51,1052.583,6160.314,28561.97,-2.205372E-06,3152.867,2831.202,56.76443,374.7673,1723.075,0.6545373,776.9133,672.6357,17.8404,104.4121,484.1012,-0.0038905,0.111457,0.1069675,0.2555781,0.1482699,0.1445233,3177726,29.12939,28.78393,30.11279,29.39159,29.68331,374.1171,0.3458045,0.3327185,0.4521359,0.3851172,0.387722,0.0002572598,0.01256316,0.02427364,0.02077242,0.003674813,0.006213971,11.68194,1.421225,1.50596,1.348187,1.327367,1.30792,2.666182
147,00:00:01.500,25.5,1.5,5.147657,4.847618,5.860532,5.882608,6.166078,22.51252,29534.59,4170.354,612.2014,3145.085,13738.67,4.785135E-06,2655.568,385.1436,44.55703,242.9274,1030.152,0.4884986,579.1097,81.77166,12.00395,61.66833,269.3857,-0.009578311,0.0871677,0.1034762,0.2341757,0.1507268,0.1307708,3744604,22.39996,25.45397,23.79437,23.55723,23.91126,-65.84286,0.3002723,0.3048483,0.4072247,0.3660963,0.3614423,0.00173617,0.1215702,0.001805099,0.06688757,0.07618719,0.06230366,3.582073,1.587696,1.608937,1.480464,1.421059,1.394154,1.341142
148,00:00:01.510,21.5,1.51,3.107784,3.15319,4.298529,4.19243,4.287229,20.48207,15806.45,4765.313,220.1911,972.9301,4427.168,-6.429851E-06,1922.056,567.4917,16.93777,94.91257,437.4828,0.4761053,367.5919,110.8212,5.120722,22.62628,102.9574,-0.006844036,0.07648867,0.090482,0.405891,0.1590513,0.1238375,240356.7,19.9895,21.45474,20.70062,20.76459,21.09999,95.77872,0.2731809,0.2845974,0.5221354,0.3595215,0.3380365,0.000763318,0.07025597,0.002105229,0.03718029,0.03420531,0.01860513,3.454824,1.734443,1.725195,1.690668,1.526616,1.509921,1.543986
149,00:00:01.520,17.5,1.52,4.841688,5.052409,5.976329,7.528409,6.327807,0.6250378,19729.91,5183.875,247.0473,222.9377,507.3702,1.925975E-06,1854.61,460.9821,16.78518,13.12296,37.53777,0.6711246,563.7118,148.1107,7.058496,6.369649,14.49629,-0.001287266,0.1637325,0.2030114,0.475838,0.4447132,0.2804403,8378306,20.63009,21.35102,19.75293,18.20055,17.83459,1526.699,0.4168136,0.4576036,0.6457008,0.6775428,0.5375032,1.635678E-05,0.1788621,0.2200585,0.1287391,0.04003129,0.01911923,86.23997,1.240129,1.208593,1.299474,1.202854,1.121404,1.351711
