"","antigen_iso","iter","y0","y1","t1","alpha","r"
"1","HlyE_IgA",1,2.48226388343294,63.4814181747235,9.51957304896703,0.000580750108201723,1.74503804112011
"2","HlyE_IgG",1,3.03648318890308,163.892554798255,6.54931196095086,0.00457307241085562,1.17416885836092
"3","LPS_IgA",1,0.74820670170836,103.121922704776,4.97771026919162,0.00307838552383614,1.5839254257157
"4","LPS_IgG",1,0.940505201206091,319.669118918033,6.13806778723379,0.00166411804266103,1.41178578671645
"5","Vi_IgG",1,8.46279925419864,4347.98704374261,3.07151215818257,3.40357198840886e-05,1.05743565507201
"6","HlyE_IgA",2,3.85638416639419,288.162064918977,1.26542116053657,0.000459482362967931,2.66300631906146
"7","HlyE_IgG",2,1.81735836697042,153.628916105779,10.7867658664635,0.000920576917699969,1.297476514491
"8","LPS_IgA",2,1.75926480966718,851.906880564364,2.49326974587061,0.000126240719679465,2.9078386414896
"9","LPS_IgG",2,0.433893138436815,20.5904572962772,4.29147286846687,0.00121652116210262,1.36992758822392
"10","Vi_IgG",2,18.8354362021036,345.077619790449,3.48079250784944,0.000142190905263478,1.02415364448301
"11","HlyE_IgA",3,2.00640788224523,431.819308863086,5.46486817689014,0.000277272439231206,1.61055432802302
"12","HlyE_IgG",3,4.93740554540647,143.455366610532,8.58691901045692,0.00293646148218711,1.13118326027234
"13","LPS_IgA",3,1.56080076428217,154.712664108972,2.99669495588665,0.000618879483321687,2.38064254068663
"14","LPS_IgG",3,5.68857626624421,109.978004744727,1.09117063826861,0.000102101820744467,2.67517895772025
"15","Vi_IgG",3,27.7390176084391,1599.76421227139,2.79969364865311,0.000158269702867201,1.03127675841216
"16","HlyE_IgA",4,2.29368570061867,30.5523468510691,6.85192750305877,0.00126803096870046,1.87013752944932
"17","HlyE_IgG",4,1.37339393342482,53.3082414171847,11.0627100751742,0.000185056384174521,2.12891387733085
"18","LPS_IgA",4,1.43716582916934,337.981536587238,2.02999636010426,8.44129273869139e-05,2.17231567247134
"19","LPS_IgG",4,0.618952342732856,100.89732047048,5.61409275561283,0.00432756608538453,1.4984654499531
"20","Vi_IgG",4,1.432005629864,510.142967302696,13.1698483383774,1.43093126270149e-05,1.84891008943868
"21","HlyE_IgA",5,0.816123163292628,160.248521898273,6.89268014531438,0.00139768218010029,1.3974520424861
"22","HlyE_IgG",5,1.6735431071217,557.057672849571,7.36456511021925,0.000505440617097379,1.97493702481855
"23","LPS_IgA",5,0.686835817525648,31.0828047890755,3.21352993122725,0.000376135916439578,1.68503729290826
"24","LPS_IgG",5,0.647737342790646,407.455196425027,2.92829399738093,0.000760085219537279,1.33091954487285
"25","Vi_IgG",5,0.764797642312568,1416.55060950011,22.2927162599919,1.20457338266075e-05,1.52948999992602
"26","HlyE_IgA",6,4.50001171452201,524.750289905931,1.47306608397357,0.0002940737416904,2.26045907519679
"27","HlyE_IgG",6,2.08975116692273,957.183975655821,23.9275376837384,0.000654669519525582,1.73951774586965
"28","LPS_IgA",6,0.654862492827988,39.1707184672128,4.35167139482912,0.000803719685060709,1.44848008591337
"29","LPS_IgG",6,1.19912485112148,163.356935358273,1.95467902818148,0.000501458352436413,1.22989099895048
"30","Vi_IgG",6,6.82921682433581,668.296153529014,3.24754718793823,4.40317320948653e-05,1.07209071661894
"31","HlyE_IgA",7,0.954787286461916,30.7757024960889,17.0360212599026,0.00459319232964828,1.54839140734894
"32","HlyE_IgG",7,3.65695195038105,696.885680249965,4.55037660560404,0.000887688202447749,1.28946525686499
"33","LPS_IgA",7,3.56252655641762,527.923328130637,1.61472877274834,3.04477030546023e-05,3.19588026933467
"34","LPS_IgG",7,8.5232694031609,69.7724211317637,0.683490173266834,0.000123208809960733,2.82054152856664
"35","Vi_IgG",7,8.66238423065357,490.684501765703,1.85229238679121,3.01779208091937e-05,1.06247492517131
"36","HlyE_IgA",8,2.18396711383187,41.3351250925557,3.97108755298104,0.00233809215626583,1.47712107228344
"37","HlyE_IgG",8,1.56705960452669,49.696304772494,7.28684013453311,0.000209870475682425,1.60869619166956
"38","LPS_IgA",8,1.90887869693857,579.923982801649,2.53354118001132,0.000142502644575958,2.37683584419455
"39","LPS_IgG",8,2.20697544224159,92.9534840714989,0.942892594973833,0.000736316871469317,2.46130518689579
"40","Vi_IgG",8,48.2299404803159,293.986143527648,0.56475515259582,3.62344584865751e-05,1.01819988506553
"41","HlyE_IgA",9,96.4398984185507,248.45349985843,0.497351131663378,4.67002985675705e-05,8.49637822070033
"42","HlyE_IgG",9,4.35328181115386,284.238616409023,3.96410458570154,0.00104003594908331,1.22786543992899
"43","LPS_IgA",9,1.90063492233471,562.176904158626,2.67797791390474,0.000235436339887406,2.24837037405369
"44","LPS_IgG",9,0.533051626117163,32.0627529262808,3.66595912646325,0.00375179832730899,1.16723420899612
"45","Vi_IgG",9,32.6384160161054,1491.45379340347,1.58665654443961,8.46132232817027e-05,1.03933462911994
"46","HlyE_IgA",10,3.30934405812501,319.258088721929,1.28441196651099,0.000448299061620713,1.74930137992105
"47","HlyE_IgG",10,2.06421291749502,55.1973083368717,7.96327223354208,0.000207443820402452,2.09051460553557
"48","LPS_IgA",10,0.27774551450215,4.06173926640574,3.47415053925867,0.0405528182588911,1.52968594747405
"49","LPS_IgG",10,1.51316729438649,113.998180857664,1.20595526027407,0.000672707462257226,1.77358710794201
"50","Vi_IgG",10,277.372120514963,388.960843910614,0.259715104672641,0.000152336297119614,1.0025791896978
"51","HlyE_IgA",11,0.372154197941256,9.85590602194967,11.1798158923286,0.00184390439817354,1.25152824238038
"52","HlyE_IgG",11,1.21290705141757,142.48248989252,10.1788292540999,0.000541774876402651,1.6479440039637
"53","LPS_IgA",11,0.625558767907072,767.290605278618,2.99340040377104,0.00402443802088525,2.05997455169407
"54","LPS_IgG",11,9.98186553291039,389.893999659149,0.780146934090596,6.88362542848946e-05,2.41825891057429
"55","Vi_IgG",11,14.8222584456239,1563.582429208,2.42263308421918,2.43811564661814e-05,1.07931960144422
"56","HlyE_IgA",12,3.0492632376121,58.569079122574,1.24959812547234,0.000165952326601835,1.87839842610789
"57","HlyE_IgG",12,2.65380908896158,125.103468262329,9.43966035342436,0.00322191298857545,1.1688001176233
"58","LPS_IgA",12,2.05563746131631,894.808684891356,2.43652538041827,6.32313712139299e-05,2.71434999994929
"59","LPS_IgG",12,15.2404030993914,328.44291994817,0.498514301960909,3.90956246018704e-05,2.67241886394173
"60","Vi_IgG",12,7.29449533495127,915.871823026457,4.43753925074178,3.42337006486277e-05,1.1368869330652
"61","HlyE_IgA",13,0.814143205760898,23.5781354491369,9.11407571175531,0.000801608679478142,1.27395812849041
"62","HlyE_IgG",13,1.7148026480962,154.134822731266,13.0893641042695,0.00117192216751816,1.42241923931779
"63","LPS_IgA",13,0.834686561542889,8.76743846624292,3.06246454910072,0.00290858084175672,1.86290730833478
"64","LPS_IgG",13,0.581100825105102,54.0885028533593,4.68085132295093,0.00220010542348516,1.29865685702413
"65","Vi_IgG",13,1.88267756447122,503.456098826407,7.94767950582925,3.74988609543459e-05,1.71411019058468
"66","HlyE_IgA",14,1.73290293611723,195.272088240338,4.46495885821296,0.00212248013302342,1.60775344339114
"67","HlyE_IgG",14,3.02769014373322,512.685734719332,8.49535887780283,0.000976984276211827,1.22367302575217
"68","LPS_IgA",14,3.45557890880081,113.417045422437,2.16852887530226,9.64495967060223e-05,2.69646215957872
"69","LPS_IgG",14,1.31536869137293,140.973846766283,2.17097852697064,0.00134015500008976,1.46963006027797
"70","Vi_IgG",14,10.4618990950362,520.313650529546,1.73096144033754,6.00633932101194e-05,1.05009821000363
"71","HlyE_IgA",15,0.324204755945322,15.2392432670215,8.14610582353057,0.00206185338337752,1.13545307616552
"72","HlyE_IgG",15,2.19974622183686,367.675521980743,16.0370232131466,0.000384579510907555,1.4528247924265
"73","LPS_IgA",15,1.24140524492929,6.95946760634846,2.56553491310116,0.00138078928176816,1.89074507817108
"74","LPS_IgG",15,14.3329344848513,365.608147887147,0.446341020133924,4.3493458956163e-05,4.8229791466842
"75","Vi_IgG",15,2.9746607533262,529.610867295006,13.2801441678213,1.36865083818513e-05,1.2471104194352
"76","HlyE_IgA",16,3.91940556217022,138.597844051858,5.73604529566542,0.000520896079311473,1.83738947009373
"77","HlyE_IgG",16,1.29501075482346,94.054499427184,5.45727728701492,0.0010065164190521,1.38484985799107
"78","LPS_IgA",16,1.68486762518971,114.235141419972,2.49777665954972,0.000410202343202815,2.33134272415842
"79","LPS_IgG",16,0.949917443255547,107.109132921212,2.11729430006721,0.000559123600070874,1.52846378507642
"80","Vi_IgG",16,2.1942142285527,727.055277773262,8.82501233012776,3.07598589142569e-05,1.39756851299664
"81","HlyE_IgA",17,2.96666966872723,17.7002608315275,12.1548710632628,0.00110520990806848,1.33445598250036
"82","HlyE_IgG",17,1.37419485553412,420.52048494015,27.351188961303,0.000183194889839954,2.21809845578665
"83","LPS_IgA",17,2.95751680790354,4736.5040683162,2.14501597520443,0.000115369561943835,2.69753466253881
"84","LPS_IgG",17,3.78808267277548,378.497185820226,1.03972047189269,0.000259877549850421,1.51897477504166
"85","Vi_IgG",17,23.3290648115863,122.1668526864,2.55240741980682,4.90779847243821e-05,1.0338045456111
"86","HlyE_IgA",18,12.6871541840375,34.6297552188594,4.87056525915197,0.000503901371757611,2.87854398365401
"87","HlyE_IgG",18,1.14206154262919,117.116522186164,9.70207713292362,0.000228263475932955,2.95589130494591
"88","LPS_IgA",18,2.59051578325814,499.625294030004,2.04701984232394,0.000396430427051253,2.22583470035236
"89","LPS_IgG",18,1.14575063657075,219.817118626762,2.23021055433692,0.000463747655305697,1.5880813443032
"90","Vi_IgG",18,8.78688263709785,677.99158772344,5.2909086573772,0.000163194143743948,1.22066269728709
"91","HlyE_IgA",19,0.633407059204807,670.782356315421,10.781697277718,0.00194228531845488,1.37775176705415
"92","HlyE_IgG",19,0.557342124781792,139.74457140291,21.1085885933157,0.000171501250472504,1.78770312896554
"93","LPS_IgA",19,1.17558747338732,2652.75302147965,3.30762364656056,7.89449329354949e-05,2.28541162783877
"94","LPS_IgG",19,1.27841879769361,68.5481246913729,2.530690018148,0.000606812931343056,1.49595900841353
"95","Vi_IgG",19,25.9611191120616,552.644725045271,1.4611225351634,9.88852965753761e-05,1.02806084754568
"96","HlyE_IgA",20,15.9785947751856,350.389335470867,3.5717654594135,0.000369695819464055,3.42523396464135
"97","HlyE_IgG",20,3.85276086849459,280.773133101888,4.45087185740455,0.00104853639157351,1.21637549019504
"98","LPS_IgA",20,2.0068854641512,8.14268258640264,2.43644010352231,0.000509892825708095,2.04842600854008
"99","LPS_IgG",20,0.746151959843641,123.384528883709,3.06700035229983,0.000918416101896368,1.39196019018473
"100","Vi_IgG",20,0.827451321039199,714.011842404504,11.480959872693,1.37235118867342e-05,1.97521901738029
"101","HlyE_IgA",21,3.35697409078104,524.805205039604,11.2638670921658,0.000697205747962488,1.48417977755664
"102","HlyE_IgG",21,1.77536138608761,341.875466132432,15.7468445631022,0.000311385146127225,2.43501743648731
"103","LPS_IgA",21,1.12239186284711,59.6026950566128,2.27748326009039,0.00179279396809431,1.99448580927057
"104","LPS_IgG",21,0.417760490463611,75.8752918919444,3.42417305922433,0.00211128185866985,1.31265654225995
"105","Vi_IgG",21,0.808726896903826,1108.00918653624,11.8353403443916,2.36676836355045e-05,1.96806601182169
"106","HlyE_IgA",22,1.35187024448363,21.7419806650667,6.02682296248324,0.000354295233312761,1.36792322142982
"107","HlyE_IgG",22,2.88686171404656,807.973583062943,6.58345708352619,0.00124573445413704,1.47888442241868
"108","LPS_IgA",22,2.58381502860255,1221.55196360707,1.10529580944562,8.21075980091939e-05,3.02283906019264
"109","LPS_IgG",22,3.09639954684678,338.874323221287,0.952136378237077,6.29953275623586e-05,2.40145222140521
"110","Vi_IgG",22,14.3469876455704,1165.88070491046,3.69451763297964,1.6969380245164e-05,1.05295144062679
"111","HlyE_IgA",23,1.14384340517511,54.648570130211,9.56709876355886,0.000423939415887257,1.51608025120621
"112","HlyE_IgG",23,3.65231056930489,161.138851467563,5.96107002882188,0.000801256049243512,1.19711459871732
"113","LPS_IgA",23,2.32549983795448,78.1385163726967,1.38491809402154,1.50444711456839e-05,3.21494594691347
"114","LPS_IgG",23,0.650510395742807,23.5767021107989,3.7381094912368,0.00158435166420515,1.28084004685341
"115","Vi_IgG",23,0.832197072686138,682.348382115289,6.01598443874853,7.53840452344741e-06,2.3648861246609
"116","HlyE_IgA",24,7.36427053350641,62.4626331974805,5.27574551904214,0.00120645375923901,2.80191321923623
"117","HlyE_IgG",24,4.19066737796027,345.012549159694,10.3763585279753,0.00237756125361664,1.11128063778834
"118","LPS_IgA",24,1.41550732442487,206.729401672267,2.67425811046673,0.00107729716461922,2.18717911326248
"119","LPS_IgG",24,4.06205904908061,66.1076839554092,1.07125440185044,0.000792498456380178,1.95286399309352
"120","Vi_IgG",24,5.35799586832768,510.373939335943,3.35824998333977,5.04660361213512e-05,1.1016977601765
"121","HlyE_IgA",25,1.11418923843475,13.5263909774471,10.0546981210082,0.00123608024365872,1.29719404599601
"122","HlyE_IgG",25,1.39765104151083,287.580231401241,12.3358542285577,0.000358006290675028,1.56958115730821
"123","LPS_IgA",25,1.46955406848916,45.2623794548193,1.93230579065031,2.28673598092976e-05,4.13058535047928
"124","LPS_IgG",25,2.64263361144849,299.084164110468,1.54805298094728,0.000555562191086436,2.35617739061534
"125","Vi_IgG",25,9.7219867914736,377.503850222447,1.1636434640191,1.36141617752861e-05,1.07275992180721
"126","HlyE_IgA",26,0.777009268588739,404.641741222692,3.40171596535933,0.000494140830213741,1.40645421035182
"127","HlyE_IgG",26,1.74191833968847,329.62595529365,14.5654167046188,0.000156002269928014,2.02055071677547
"128","LPS_IgA",26,2.12348158769721,107.637096933538,2.65819680483198,1.97966069719794e-05,2.75766284922934
"129","LPS_IgG",26,25.5549235339261,97.7282111627406,0.205938026023803,3.03473912400491e-05,4.73220794169251
"130","Vi_IgG",26,2.99453811207536,1088.8245918744,3.98935674055997,2.59121133936281e-05,1.30622351576421
"131","HlyE_IgA",27,4.41509786372772,127.460080376226,6.72700484987633,0.00245664175975264,1.58553635830427
"132","HlyE_IgG",27,1.23691453440398,119.698649885564,22.828505584746,0.000841503824065256,1.31900452223899
"133","LPS_IgA",27,1.31862166781268,74.4457931065609,2.13223985005129,0.000223059947446598,2.18557513163725
"134","LPS_IgG",27,0.157704854871301,41.1859198238903,5.60741595871572,0.00587669940708102,1.091568312551
"135","Vi_IgG",27,28.9702661839198,529.106235457116,1.03320838730414,4.06870783981256e-05,1.02313450622625
"136","HlyE_IgA",28,0.246481090600922,47.6743496395363,12.0907415674051,0.00193807512902148,1.22922069635161
"137","HlyE_IgG",28,1.18515077170509,53.3427557637164,15.4310235617806,0.000497129501207083,1.65815487698244
"138","LPS_IgA",28,1.22307355746171,24.0668793659521,2.55491511496987,0.000450460574377877,2.97969343121713
"139","LPS_IgG",28,0.110931764603233,261.418987107574,8.39108640351221,0.00215320036879468,1.12999750773234
"140","Vi_IgG",28,46.3986331117593,1268.63799780007,2.37553577139201,0.000141450602608936,1.01410339119828
"141","HlyE_IgA",29,2.88599578542813,4.86255586452024,4.4553695089122,0.0054332923652717,1.55892554941562
"142","HlyE_IgG",29,1.63030155373619,93.6129541009416,12.7129352659758,0.00127310051929336,1.26151595080374
"143","LPS_IgA",29,2.61052147440468,866.979728090376,2.0136338995656,7.81160585509155e-06,3.44815578429325
"144","LPS_IgG",29,0.051196710348844,90.0737292007828,11.8711370981231,0.0117313562577968,1.05927900991337
"145","Vi_IgG",29,2.82384660552827,423.616414744148,4.67509741520239,6.74334076758383e-05,1.2450286834461
"146","HlyE_IgA",30,0.928928599960282,217.262169334863,5.35269407723765,0.000551300789665394,1.37707355668328
"147","HlyE_IgG",30,1.62374953073198,55.1129621346739,21.9458926718438,0.00063403271748031,1.74441842726501
"148","LPS_IgA",30,0.800407744926027,893.107190226785,2.60436530342316,0.000865935614775562,2.11240684864776
"149","LPS_IgG",30,0.480521647287353,31.3034857525437,2.11653009477224,0.000534526098935476,1.30194813945875
"150","Vi_IgG",30,6.65980363577657,422.857342253097,1.73236581946442,8.09232000984645e-05,1.13176042072521
"151","HlyE_IgA",31,0.194201305635247,35.0985002310083,12.2029777521245,0.00174555975196488,1.20180972115458
"152","HlyE_IgG",31,2.76013612730469,118.566555662152,7.34558902191483,0.000377066120482253,1.44365502023906
"153","LPS_IgA",31,0.767182166960045,53.0333878829535,3.45305725671238,0.00146012971692451,2.14347743384399
"154","LPS_IgG",31,2.4080252180407,100.019982592755,1.85698647668709,0.000277108896741838,1.84609384299643
"155","Vi_IgG",31,41.3771998142547,631.765230587373,3.47933088195907,1.14502384826716e-05,1.01930888357716
"156","HlyE_IgA",32,6.28546610004701,1098.49716393263,1.37359308998367,0.000483383608036441,2.38510091527588
"157","HlyE_IgG",32,1.7277172007237,54.1079875304336,11.2434979323796,0.000338217966168421,1.88284644056197
"158","LPS_IgA",32,0.961357337400932,34.9960371750682,3.204160110424,0.00064081484251614,1.85404789809848
"159","LPS_IgG",32,0.192338199647901,111.639433869228,4.94353172572961,0.00264345104888359,1.0981841973193
"160","Vi_IgG",32,67.6136577253927,195.488245422302,0.993555962440912,5.90060840431246e-05,1.0112518805984
"161","HlyE_IgA",33,0.790572430772016,58.9629133595119,6.82628089237195,0.00219483150170641,1.60597957384943
"162","HlyE_IgG",33,3.52824295299105,135.952389154747,4.62802402247649,0.00140321394275048,1.34867326455727
"163","LPS_IgA",33,1.39855421577753,144.284967224418,1.82431212832962,0.000303912720925055,2.4584919632122
"164","LPS_IgG",33,191.885722592827,304.316756305795,0.0709159433343094,1.26658647261962e-05,8.71757349106035
"165","Vi_IgG",33,8.04507417166715,1101.41513022535,4.78808241322212,6.02408418281136e-05,1.14908927371607
"166","HlyE_IgA",34,2.53909825428854,42.1086528807225,3.45817156510699,0.00108547239461618,1.62070645876627
"167","HlyE_IgG",34,1.2035012296876,260.595389430244,15.8052158081972,0.00102792815759423,1.31154857933272
"168","LPS_IgA",34,2.72070217618135,185.662855350902,2.09269560896652,1.41386270372514e-05,2.59148731939229
"169","LPS_IgG",34,0.428450957101389,240.399911052088,2.86030996977737,0.00175115448997781,1.29347876302442
"170","Vi_IgG",34,19.4794487585833,289.638266520123,1.82599126777339,8.27861318777608e-05,1.08056749489149
"171","HlyE_IgA",35,7.16666203366536,34.7560167599678,9.3134538005824,0.00349137373455354,2.12645665211127
"172","HlyE_IgG",35,2.70220741472883,257.405675946662,9.83060029554488,0.000352559907428524,1.65075568439601
"173","LPS_IgA",35,1.50501520328453,262.768651952534,2.06393426756045,8.19607568707842e-05,2.3066060842957
"174","LPS_IgG",35,0.746741652789962,83.1570062902431,2.82918872232288,0.00153451639453901,1.5138052378613
"175","Vi_IgG",35,21.5046674011733,466.91234846912,1.50559173450607,4.27988211063514e-05,1.04946252335969
"176","HlyE_IgA",36,0.345749760892269,179.060328314574,3.14115321996897,0.00162066292577739,1.48036454239674
"177","HlyE_IgG",36,3.19041180199615,153.694462686078,5.22393004079559,0.00279808506815644,1.19982166204518
"178","LPS_IgA",36,1.28942063843775,55.1489850537264,2.08034552977303,0.000298915390360984,1.91375262056397
"179","LPS_IgG",36,0.69594475277164,163.13290669541,4.07976749388757,0.00292669932845835,1.60539811260458
"180","Vi_IgG",36,6.15423215233705,601.945271221388,5.22957493293272,6.41953358640618e-05,1.15706901252399
"181","HlyE_IgA",37,3.79631173748145,24.6668810561169,7.53915419501316,0.0019601191828733,2.00237147751504
"182","HlyE_IgG",37,1.68731076800812,49.4445183661751,12.9644370850072,0.000330547561933239,1.70487485680804
"183","LPS_IgA",37,2.05639201871743,2616.01223099434,3.48580845967931,7.24017563419596e-05,2.6103185233201
"184","LPS_IgG",37,0.605461682743781,102.809378289736,6.06782365746362,0.002627269986141,1.43040700272288
"185","Vi_IgG",37,31.4774054136001,343.772950707907,0.755903164721065,3.99452816144518e-05,1.01450517205075
"186","HlyE_IgA",38,3.088544671912,574.894674464689,2.73559783821538,0.000355786402556068,1.8706623806063
"187","HlyE_IgG",38,1.85868267953909,105.684016008491,14.0123628407404,0.000438855656341692,1.67166807264746
"188","LPS_IgA",38,1.51759523529184,340.873695734252,3.28228557048714,9.99370570150313e-05,1.91629528749127
"189","LPS_IgG",38,8.45949940600173,2485.99600265415,0.3574427748537,0.000293025770174745,1.89832801908497
"190","Vi_IgG",38,30.7789187665087,699.796272765803,1.80199610915077,0.000252664003824175,1.04459783338267
"191","HlyE_IgA",39,2.7333555674447,16.5510503302757,2.30181052948791,0.00124273584887326,1.92194113718141
"192","HlyE_IgG",39,2.49536247696533,60.2041812390575,8.3216454024683,0.000552763674223956,1.61005143847568
"193","LPS_IgA",39,1.89745592104117,1113.65787374462,2.80437304325332,0.00024208782122864,1.81444123671054
"194","LPS_IgG",39,0.179270399721524,300.313558049183,5.89214436401509,0.00462638265621531,1.25145279522531
"195","Vi_IgG",39,0.334988190505779,1020.44933019501,30.3953610582496,6.1787164638456e-06,2.71773403370983
"196","HlyE_IgA",40,1.15164804603536,11.0453659443594,12.6896918686343,0.00186976972015624,1.35004974710959
"197","HlyE_IgG",40,3.66207526859753,462.717062144179,6.57345783011701,0.000333069293847281,2.25841123408653
"198","LPS_IgA",40,0.667646791850755,74.4876691148854,2.15934729977153,0.00143875086026943,1.97565659877365
"199","LPS_IgG",40,8.27641579765061,159.998431134999,0.500299179752808,0.000285679501396869,2.44519462344494
"200","Vi_IgG",40,11.8614067556883,1545.27249155299,3.50766298680859,3.54105768987701e-05,1.05626627198486
"201","HlyE_IgA",41,0.722808471456509,329.450591149241,5.59436588876737,0.00110379614438794,1.43335501102913
"202","HlyE_IgG",41,2.14100854344729,382.551153691391,11.6183994386982,0.00146362360047569,1.55790365098244
"203","LPS_IgA",41,1.00178104417847,125.447546230379,2.42489203075924,0.00066371348506908,1.7795324204567
"204","LPS_IgG",41,0.618952961685508,138.973559231039,3.09763835441052,0.00280842907501351,1.24092249372924
"205","Vi_IgG",41,20.9343217280603,507.202364401791,1.58205399561693,0.000105585447917446,1.02774693209601
"206","HlyE_IgA",42,78.9701552939083,134.232955969569,1.79249588892095,0.000139360006251701,4.72154907642204
"207","HlyE_IgG",42,0.837179311712718,239.461396134792,9.46196426011635,0.000397180389049223,2.58282464355033
"208","LPS_IgA",42,1.24516991684776,4763.75460236721,1.66306618836659,0.000150965382862192,2.30579232221839
"209","LPS_IgG",42,36.310973650227,1315.48518329416,0.343870550195989,2.24549382808236e-05,4.74117599811561
"210","Vi_IgG",42,10.7461763185194,844.326444407206,3.49222825164249,6.02119331626709e-05,1.10953403019177
"211","HlyE_IgA",43,0.80695368817365,14.3719137242382,5.53449320450409,0.00114211896576467,1.4444685411938
"212","HlyE_IgG",43,3.39179744283081,264.590126446701,3.74975310819407,0.00100256857212561,1.1934183150664
"213","LPS_IgA",43,1.31776220670003,42.2398515909066,2.35521495662163,0.000219815939593577,3.13331690310857
"214","LPS_IgG",43,6.78680305958075,106.123990815856,0.555148296514769,0.000140029141982329,2.34128082903548
"215","Vi_IgG",43,12.601048187733,745.589538795177,3.06408808551089,2.35944274220313e-05,1.053633039083
"216","HlyE_IgA",44,4.92025323643617,40.6802550135182,5.70983427726114,0.00109121884614163,2.03619132144836
"217","HlyE_IgG",44,2.56570424399328,57.5144029967135,6.44342351130015,0.00126819582344172,1.50070658907823
"218","LPS_IgA",44,1.75781049910988,137.174958576154,2.3506667233941,0.000847448913146251,3.74691921984797
"219","LPS_IgG",44,0.600020174598765,23.5925644169313,4.41033213199326,0.00319640032751584,1.33024845957879
"220","Vi_IgG",44,7.35985329648993,1051.14609692846,3.66797595856079,3.55027641902536e-05,1.14896558095848
"221","HlyE_IgA",45,2.61267081791165,88.2747290650814,1.87761808972168,0.000987731162476162,1.70535433471468
"222","HlyE_IgG",45,1.67372720698879,430.319125620458,13.7542793342303,0.00128987495424607,1.30762000737011
"223","LPS_IgA",45,0.504699033821374,45.8569585830622,3.10207114594789,0.0134853684474685,1.7767024105361
"224","LPS_IgG",45,3.40573235940491,763.703381337232,1.28163037769938,0.000176459353481798,2.17447471902237
"225","Vi_IgG",45,11.3382277157886,269.240313390588,2.2697098410563,9.58414871216362e-06,1.0893834264906
"226","HlyE_IgA",46,0.889283674893163,10.6130205814949,5.84642287582961,0.00282261928684757,1.35345821652327
"227","HlyE_IgG",46,1.2131933312614,558.11559324373,12.5767516184619,0.000374791757339121,2.11594435320902
"228","LPS_IgA",46,1.58067504584223,2057.81172778938,2.38411980090982,0.000398720455260845,1.84091726565654
"229","LPS_IgG",46,2.86048159352422,17.1958528843605,2.02817424162653,0.00114643288088617,1.74647735302869
"230","Vi_IgG",46,101.660618906057,287.854778863883,0.949538027030404,0.000214498030812424,1.00847749732081
"231","HlyE_IgA",47,4.50573035997068,32.0135413405647,9.50444895466041,0.00113865219626825,1.93343793924938
"232","HlyE_IgG",47,4.00030256696321,24.0384935132398,2.99360994913331,0.000532967559301844,1.40636886392934
"233","LPS_IgA",47,0.712164040604047,2.4418450432961,4.29173036456378,0.00907973746802532,1.69242039541327
"234","LPS_IgG",47,1.55341696787557,59.3922267572482,1.22926201313799,0.000174958807056062,1.605409615278
"235","Vi_IgG",47,1.40647559891662,391.466251921246,5.38280707900434,4.28116626788228e-05,1.25478123601734
"236","HlyE_IgA",48,2.63101841164941,38.0504292985456,13.9300726062506,0.000513638935226,1.64717599789262
"237","HlyE_IgG",48,1.79048762687066,77.8837709668701,6.77920609524818,0.000359459156219103,3.07065710721104
"238","LPS_IgA",48,0.766061366136989,199.216621148917,4.82934090615408,0.00627601533926158,1.37593576047096
"239","LPS_IgG",48,5.93050873867414,95.8657617100025,0.783151590154379,0.000187888848756186,2.29207699856868
"240","Vi_IgG",48,4.68183440494875,523.233672649422,2.90211563405502,5.7462959519792e-05,1.17812673280116
"241","HlyE_IgA",49,1.86467541922434,126.820466076145,1.77565079357962,0.000275859190991226,1.64913472189956
"242","HlyE_IgG",49,2.2495135661026,159.918844849729,9.32156003108788,0.000354699360187289,1.56811466820133
"243","LPS_IgA",49,2.56546821006056,379.933151724297,2.21735490218776,1.75527486865472e-05,3.62414466226875
"244","LPS_IgG",49,1.73942743721016,43.6970448680172,2.5880896068104,0.00142403626403486,1.50399950149927
"245","Vi_IgG",49,49.2332889805585,303.532100784875,1.06083082681912,0.000153237737908017,1.01256801731908
"246","HlyE_IgA",50,1.18937504868317,69.8997358428869,6.23288931644885,0.0026713535164984,1.3743054888023
"247","HlyE_IgG",50,10.5346518529091,262.882882182499,2.29379580017467,0.00279347203459326,1.32153142343595
"248","LPS_IgA",50,2.21855925285126,318.2905479581,2.05212942924459,5.03095867782527e-06,2.84525965129532
"249","LPS_IgG",50,1.18398989287235,103.507555063056,2.07844080576453,0.000243432709659471,1.76345736301651
"250","Vi_IgG",50,1.56498932048878,657.669440087804,8.38731126410071,5.88384557777078e-06,1.44964270521708
"251","HlyE_IgA",51,2.63877290397339,354.532775056227,2.6113386955146,0.000128197309556073,1.75972177367333
"252","HlyE_IgG",51,4.5488297405401,412.676482549134,5.71926328060717,0.00596927380308968,1.0321394831503
"253","LPS_IgA",51,3.05087977547272,10897.514342796,1.60579666834028,4.87761058127576e-05,2.40004866957626
"254","LPS_IgG",51,0.251296942811506,58.5488429517794,3.28379576916863,0.000850309633590092,1.18439778128667
"255","Vi_IgG",51,29.8579160802856,771.079785945341,2.3285039970127,2.5582552034487e-05,1.02550425443872
"256","HlyE_IgA",52,0.295247881265455,114.923006872123,6.61936868104308,0.00705294513320615,1.19619621962556
"257","HlyE_IgG",52,11.3641083677123,120.873465623906,1.66328572759272,0.00202300752718538,1.12522664793909
"258","LPS_IgA",52,0.478476586653482,198.395921724288,2.37656222454317,0.00549734516803602,1.89425527684443
"259","LPS_IgG",52,0.735257868355293,27.7815521290522,3.95923173447897,0.000287821517742829,1.42853022786077
"260","Vi_IgG",52,1.26293452352304,3331.57069743952,17.9898911974847,2.81767072040602e-06,1.53509284772188
"261","HlyE_IgA",53,3.77458332830087,132.600241082824,2.30770609803978,0.00162192753599336,2.54761339632466
"262","HlyE_IgG",53,1.90003631661952,103.468186139286,12.3647539269127,0.00037424870310045,1.65664548682786
"263","LPS_IgA",53,0.675378503056229,111.125054899817,2.33451462468715,0.0137518763824743,1.55616904120241
"264","LPS_IgG",53,1.00377104255568,6.85411233423483,3.44257590238259,0.00467647807703872,1.38100605941711
"265","Vi_IgG",53,13.6201457249546,166.401829658098,2.83902305989717,1.41329727173759e-05,1.07526048872624
"266","HlyE_IgA",54,4.54610126132139,447.006072553703,4.05515941504777,0.00026754841964219,1.84384875557502
"267","HlyE_IgG",54,2.09091130072772,1085.2206115645,10.4745656546644,0.000730493664235532,1.37448370062602
"268","LPS_IgA",54,1.32918237825007,26.1087641895181,2.7149132479433,4.48673589387302e-05,3.00290975349571
"269","LPS_IgG",54,25.0616803426672,165.111750128743,0.413197331454202,2.02774728484845e-05,3.64375432567437
"270","Vi_IgG",54,1.54624127186928,245.078642923199,8.17196995197591,2.92216700186928e-05,1.45227675350741
"271","HlyE_IgA",55,0.548683777878877,33.5210558211561,7.40799631567747,0.00153178738489586,1.3397178020426
"272","HlyE_IgG",55,4.75382710521276,253.133868952307,5.38980927865067,0.00325308988648181,1.10640954472882
"273","LPS_IgA",55,1.62589104356043,13871.2997652836,2.64144205240649,4.41375351647915e-05,2.25244044006012
"274","LPS_IgG",55,2.70266682903844,417.491684582216,1.05517992773231,0.000244015209645766,2.16704976975499
"275","Vi_IgG",55,11.0858553175846,379.047976021064,1.63781166469234,9.46438176931568e-05,1.01921815257475
"276","HlyE_IgA",56,1.94685451315447,130.757054116255,1.92985331994471,0.000483857556168969,2.19064717043815
"277","HlyE_IgG",56,0.507673883075288,66.9218148382036,30.3874592916486,0.000588331496127102,1.57332473216103
"278","LPS_IgA",56,0.769536417990362,255.924229304976,3.07655357095051,0.00012175009691323,2.27404005882071
"279","LPS_IgG",56,25.0707041717823,251.209737084535,0.386862866066093,3.87802291187248e-05,4.31739554277817
"280","Vi_IgG",56,30.1706621430978,210.160429273737,0.602877050135991,4.51148092775442e-05,1.01423943572268
"281","HlyE_IgA",57,0.58838193066341,374.582473744296,1.38674877972543,0.000298345006855044,1.69127262231831
"282","HlyE_IgG",57,1.16016008510801,139.536904862498,12.7692508055103,0.00112620692068216,1.27894797055983
"283","LPS_IgA",57,1.49832677176325,2257.02774579194,2.5107687973242,5.43095756188386e-05,1.85512211130795
"284","LPS_IgG",57,4.88695788260795,40.6119320242932,1.69824098386307,0.000183572660282988,1.81219810248367
"285","Vi_IgG",57,26.8109396467008,1085.42940240157,1.32108187079833,4.48180319786993e-05,1.03715971628584
"286","HlyE_IgA",58,1.49812301317819,39.3988388717891,10.4612713999216,0.00168651670227233,1.43991225166163
"287","HlyE_IgG",58,0.773224380654583,96.9165448765317,15.9623049177545,0.000204975520121039,3.51828219391506
"288","LPS_IgA",58,2.70042454624642,11410.356562331,2.55596284493698,4.16212376722917e-05,2.47534815613971
"289","LPS_IgG",58,1.98617961079413,3277.10687190753,2.58188822137967,0.000158940601660918,1.62294440608192
"290","Vi_IgG",58,2.90591989678368,743.490612979043,5.03281766881442,1.18521650788037e-05,1.2787304759767
"291","HlyE_IgA",59,0.816728134670842,179.919538402879,8.87155419277457,0.00193362267850561,1.46683565487797
"292","HlyE_IgG",59,2.19984521264412,1493.88241008644,12.3083759233256,0.00142648771405165,1.34968938149023
"293","LPS_IgA",59,1.22731394880851,121.581626861116,2.71166272932168,0.000232335060940652,2.07630017943202
"294","LPS_IgG",59,4.79320840331991,100.270649433196,1.19323010045039,0.000464174499466785,2.05515534232641
"295","Vi_IgG",59,3.99083307565913,642.183357344112,5.17370983074287,8.76481546886548e-05,1.13912812608851
"296","HlyE_IgA",60,1.82153945873219,14.8008942224083,13.3357713502591,0.00134562054578092,1.47588549995483
"297","HlyE_IgG",60,2.78804323413482,404.839466898054,9.87256798050515,0.000208857156789975,1.77726961029852
"298","LPS_IgA",60,2.0458370067275,984.182041647647,1.46643751459428,6.68165335375221e-05,2.63170584783582
"299","LPS_IgG",60,0.839973445621345,48.52416838509,2.63288973091526,0.00193828832901146,1.31347991122168
"300","Vi_IgG",60,19.0163664407497,736.930520996456,1.46915293498568,0.000171939136728906,1.01754002266236
"301","HlyE_IgA",61,1.64454705533225,532.707197471499,15.0435601107232,0.00062536817604273,1.98675568807676
"302","HlyE_IgG",61,2.19082678504353,46.4587352210946,6.34774733771625,0.00133456484375557,1.24408225496149
"303","LPS_IgA",61,0.967188857612181,132.241616562357,2.09317907749065,0.000116877988573499,2.13033720532461
"304","LPS_IgG",61,3.45796408103767,778.292883916279,1.49428226311511,0.00024527267674531,1.61210159827177
"305","Vi_IgG",61,0.138049908970685,543.654514642309,34.9934184667564,1.11764686866708e-05,3.86331487254352
"306","HlyE_IgA",62,0.329417281185286,24.4858328538187,8.2745951864497,0.00938643234422778,1.17673214459276
"307","HlyE_IgG",62,2.96432692519447,49.4642193897299,4.85277157261293,0.000937138007517452,1.24982115428208
"308","LPS_IgA",62,0.969235366791805,169.311635275396,2.67018831530017,0.00192757990140143,1.82175909389559
"309","LPS_IgG",62,0.176756888825057,40.7131432727811,7.42817349417897,0.00594681200793982,1.15495973035177
"310","Vi_IgG",62,9.68772867924169,738.102043443444,3.70743402551347,8.77314599993664e-05,1.13218801681997
"311","HlyE_IgA",63,3.62686993702119,95.0227133002871,11.9209815136921,0.000608514388479188,1.93255112801193
"312","HlyE_IgG",63,2.61890161773642,93.9690584818973,9.27312099658025,0.00264210323257104,1.27076878883401
"313","LPS_IgA",63,1.48803283098276,232.15616032591,3.45602816325986,0.00029871518412602,2.66962992487486
"314","LPS_IgG",63,5.80831202853075,549.063951461877,0.742084619399279,8.21034927319262e-05,2.97577751625846
"315","Vi_IgG",63,11.4338699636665,458.814610230559,3.02167103135037,3.31953749659714e-05,1.03138830210207
"316","HlyE_IgA",64,6.9405429060744,260.176071822173,6.73238860697194,0.00039208182606313,2.15156743349361
"317","HlyE_IgG",64,8.46406876929802,141.989238850102,3.62999038676809,0.0033181097851919,1.09741062383505
"318","LPS_IgA",64,0.802964319516143,52.7456026146948,3.41019679236086,0.00211185198173484,1.74255153745522
"319","LPS_IgG",64,1.69421583573546,133.54752362464,2.13578444341207,0.000176189577102528,1.94670598869857
"320","Vi_IgG",64,97.9943672521669,942.997217140161,0.824651010269418,0.000110930131586764,1.00509151423765
"321","HlyE_IgA",65,3.68164624008571,39.9773724835592,4.40385370656851,0.00185906798532453,1.56474555183983
"322","HlyE_IgG",65,3.95519537700207,782.954380644115,7.47743635536536,0.000907043634868749,1.26556384404366
"323","LPS_IgA",65,1.49514022734632,5084.51080886889,2.87430239618189,0.000203574200076222,1.77975929740005
"324","LPS_IgG",65,2.20316728494316,465.769737614838,1.55060937681245,0.000242376077214197,1.79803086845981
"325","Vi_IgG",65,3.28777156692188,585.811546533385,6.69532820268103,3.99492763423463e-05,1.13247120207612
"326","HlyE_IgA",66,1.58946423447681,29.4107109741128,14.0262419489777,0.00115294008901915,1.49417874265552
"327","HlyE_IgG",66,0.318736670953599,516.645589158684,30.848866272492,0.000245596650454221,1.86821491243254
"328","LPS_IgA",66,0.817595960683911,64.3760488230631,2.84004529218951,0.00107229936170093,2.58006186288963
"329","LPS_IgG",66,0.760173182462028,108.97733869812,1.75895344735224,0.000850879531939226,1.71444804460101
"330","Vi_IgG",66,9.64413539963477,583.449354967954,4.17961860687741,3.71368804467749e-05,1.03558752940874
"331","HlyE_IgA",67,2.69431500631509,211.572242009836,3.35630276309789,0.00108389960019551,1.6685112860065
"332","HlyE_IgG",67,0.705102568160188,1822.2130872245,31.2097329595597,0.00201213285019601,1.13876686280646
"333","LPS_IgA",67,0.723522959125096,143.977626328932,2.8300376062658,0.00027677656550437,2.88078454319072
"334","LPS_IgG",67,5.93620476071639,122.835168040233,1.08681315191364,0.000311030369321841,2.04039505333387
"335","Vi_IgG",67,138.849414921655,215.795116592787,0.683147147306574,0.000133942493916686,1.0029055574901
"336","HlyE_IgA",68,21.8307603398758,52.509809995604,10.1430627610833,0.00190943097530246,3.89157113577646
"337","HlyE_IgG",68,1.0025946703457,13.151025358795,18.9395059043097,0.000408867260930471,2.26881576887324
"338","LPS_IgA",68,0.875446707534876,57.5530993640045,4.2957664877872,0.000680461032877128,2.1149928585459
"339","LPS_IgG",68,0.416984595130002,290.063132987515,2.87392876115719,0.00156446713779631,1.25935953859761
"340","Vi_IgG",68,7.48626493810409,612.723194210295,5.27827848475441,6.9249128348591e-05,1.03138202506937
"341","HlyE_IgA",69,2.49270383787129,19.3857150727236,3.75992872084486,0.000791381820969645,1.98350653159569
"342","HlyE_IgG",69,2.950515792549,35.2409166828083,11.0368535974755,0.00201466973548936,1.11306753318267
"343","LPS_IgA",69,0.928513368815079,42.9146716822754,3.69370492850116,0.00188119136134886,1.83896608202564
"344","LPS_IgG",69,0.373502343499213,34.7767166790139,4.00690851460678,0.00335041855218127,1.43556336232026
"345","Vi_IgG",69,67.6373266474163,347.841912465348,1.85699390464786,0.00011792284538771,1.01396990368715
"346","HlyE_IgA",70,0.671097397357069,80.9687188700813,4.67299409464817,0.00171498662024685,1.30383514829675
"347","HlyE_IgG",70,3.99011479035313,177.173315875654,7.43924972242614,0.00140127884303538,1.12087842385809
"348","LPS_IgA",70,0.977877375238663,3.8394175427766,2.95441304501591,0.0228014761886817,1.67283577394463
"349","LPS_IgG",70,13.4392563168992,87.0823230180435,0.424540445413099,6.6284796552654e-05,4.38194165939206
"350","Vi_IgG",70,27.297906110492,508.640851388779,1.27029607090812,5.94716993346745e-05,1.02211608736957
"351","HlyE_IgA",71,0.404994010853901,26.3645555024978,6.1323620377764,0.00100416392412402,1.33146601283398
"352","HlyE_IgG",71,5.55256509352481,117.225011423899,4.96051715290381,0.000519205915058319,1.93446154806597
"353","LPS_IgA",71,1.27261266012123,398.222482392616,3.14951981016583,0.000273436811324554,1.95311920424212
"354","LPS_IgG",71,50.2037638008668,444.372861814079,0.376260333065181,1.33712991839079e-05,6.42099837219212
"355","Vi_IgG",71,10.9343586359118,276.650871669162,4.37628416426227,0.000105437731715829,1.08409652775115
"356","HlyE_IgA",72,0.705398773437569,87.0261479522951,11.9339824677748,0.00167112203653147,1.37443801640134
"357","HlyE_IgG",72,1.53412164650531,126.950596752532,11.7855004442916,0.000838815315735768,1.5782031508516
"358","LPS_IgA",72,1.14785387131495,110.763486739386,2.19287835890111,0.00240301759537783,1.92717411938736
"359","LPS_IgG",72,1.19096392471193,62.9753079842719,2.01508423803248,0.00019894343895431,1.62812317073602
"360","Vi_IgG",72,38.7600470150339,1080.76294136858,1.40641230893871,6.53162304825572e-05,1.01206725129657
"361","HlyE_IgA",73,3.23768963555814,27.2083356730063,2.9268594848065,0.000721650217325436,2.36840523534241
"362","HlyE_IgG",73,0.758732500853441,83.8209553654887,18.3933649676677,0.000505339539082098,1.90640359775196
"363","LPS_IgA",73,0.908727508837971,96.030701042685,2.76613212600665,0.00245507001203932,2.29469351605187
"364","LPS_IgG",73,1.38493886794875,735.407672216934,2.12089676160204,0.000304356757565477,1.3706396433977
"365","Vi_IgG",73,11.3758194294925,202.516556497712,5.08228010266738,0.000359376490120139,1.05510581681858
"366","HlyE_IgA",74,2.72492253448716,65.4624630013765,5.58843900272983,0.000909450488173269,1.71299918615934
"367","HlyE_IgG",74,3.91603632236753,60.5914219180724,5.5995710690776,0.00121178596919844,1.43614740844928
"368","LPS_IgA",74,1.56523504310081,24.1679493241934,2.28574726153051,0.000535542663954405,2.74107197305913
"369","LPS_IgG",74,1.27743351667523,18.6897883125988,1.98431347917925,0.000564517033691427,1.71680388314651
"370","Vi_IgG",74,44.9733458572688,962.259978586097,2.46067573192775,0.000279454798826065,1.01555442678754
"371","HlyE_IgA",75,3.20473691115439,50.5312183443017,2.10085625058398,0.000826864269791345,2.37312340146821
"372","HlyE_IgG",75,14.7196008976238,220.403393063456,2.36211404536821,0.00292640667315851,1.16058369630921
"373","LPS_IgA",75,0.87677138415983,303.331013410376,2.34278173739816,0.000603659657382155,2.02365136010782
"374","LPS_IgG",75,5.02587717047677,561.36052623719,0.665185719415761,8.13507910755884e-05,2.74004156348241
"375","Vi_IgG",75,4.00867194227884,1373.21975339369,6.15257073395749,3.11467703090066e-05,1.10328945390345
"376","HlyE_IgA",76,1.45831841299502,57.8814946339193,5.18266809541473,0.000304137699570372,1.93968496829668
"377","HlyE_IgG",76,7.12970600460257,321.339218295469,4.52600657532623,0.00113983701054901,1.20625335236676
"378","LPS_IgA",76,0.944087052931422,55.5635345173178,2.97680328028575,0.000333809529036668,2.39325397429656
"379","LPS_IgG",76,3.32836103117402,27.7421965241512,0.936691961993586,5.93742456816038e-05,2.34368924654734
"380","Vi_IgG",76,8.10150624043458,258.794736137172,3.94046997818738,4.99903785526477e-05,1.0609348511181
"381","HlyE_IgA",77,0.29503242896179,112.331004619454,4.50248740171657,0.000389736378485822,1.24209864788451
"382","HlyE_IgG",77,6.35143009906967,214.114844173551,4.51389311698883,0.00298474787407907,1.11020753598308
"383","LPS_IgA",77,0.643410721820952,2.97223374573409,2.60461012526813,0.00503083150191817,1.96289491083265
"384","LPS_IgG",77,6.83420397270525,120.176227025722,0.710096075852025,0.000324070329295646,2.55907079567948
"385","Vi_IgG",77,24.3355927278678,746.750761768081,2.12342425446834,0.000126403675291623,1.02671233059886
"386","HlyE_IgA",78,0.444503211092123,46.2663050252167,4.30453879613456,0.000841259823338093,1.2758632519492
"387","HlyE_IgG",78,7.37326042627683,253.087688470067,2.36645250395983,0.00368059814723494,1.15080012417002
"388","LPS_IgA",78,0.551232278821721,16.1612052028734,2.20277295329289,0.0140410513599606,1.48106446258872
"389","LPS_IgG",78,2.61473041389041,225.540757649988,1.01763539925256,0.000158543746432497,1.97343444104197
"390","Vi_IgG",78,25.9185777701531,626.507073057476,1.58480282664831,2.49584029720915e-05,1.02024656762088
"391","HlyE_IgA",79,6.19572786182811,75.8950087172145,0.610232040429238,0.000421837664169578,2.14686026015812
"392","HlyE_IgG",79,0.450251933794616,364.707374884755,42.3975255133215,0.00123986844219214,1.27879180342719
"393","LPS_IgA",79,1.37881991599904,322.06724070664,3.45730713027457,0.000453516003575888,2.4438930895183
"394","LPS_IgG",79,2.87841558884026,127.681853135453,0.949175182940395,0.000127672776614207,1.73312797618152
"395","Vi_IgG",79,6.64915646996337,1796.43276063694,4.23761241089689,8.7238919681564e-05,1.09177549096078
"396","HlyE_IgA",80,3.096461475457,21.9277543373803,1.3166583845369,0.000760625071667979,2.22148215191972
"397","HlyE_IgG",80,1.17055968771768,342.0606126627,13.8414816486807,0.00148555030442975,1.28974327693987
"398","LPS_IgA",80,1.48613828423862,8.53298329179469,2.4192607057398,0.000268601953769968,2.05618124069136
"399","LPS_IgG",80,10.7738295107896,143.990912426381,0.681326939953889,9.78543900528334e-05,2.89024981956385
"400","Vi_IgG",80,6.77737595668229,170.022026642771,2.95766468744089,7.86726561499316e-06,1.11911569872669
"401","HlyE_IgA",81,0.777383877329653,72.882860491943,20.6699302658693,0.000832930793734274,1.42731834708861
"402","HlyE_IgG",81,1.01424784664363,41.3783165219195,20.0179625904601,0.000300251530379406,2.32334947011738
"403","LPS_IgA",81,0.736801321850624,33.59758627089,2.21029059978371,0.001721206122319,1.78713382543133
"404","LPS_IgG",81,21.0988808755091,1671.6425350433,0.28320620700846,2.0200564669746e-05,4.15601450821702
"405","Vi_IgG",81,39.5691589328662,459.457994910187,1.67734301035008,8.00219168648642e-05,1.01852285322139
"406","HlyE_IgA",82,1.24875867761809,44.191172297619,2.79952567207354,0.00191957782487084,1.61955363733894
"407","HlyE_IgG",82,4.68511283634933,74.7393669070667,2.45547199150596,0.000394689964996692,1.47492898090976
"408","LPS_IgA",82,2.0109515137848,2806.56550251856,3.15415300885348,0.000177773551529812,2.44476979867795
"409","LPS_IgG",82,1.7361360795437,42.2150016442816,1.89697592541516,0.000297136181702754,1.75597875881718
"410","Vi_IgG",82,10.3666093337982,388.319666304714,3.61459566458123,5.1407833211681e-05,1.05575712913257
"411","HlyE_IgA",83,1.32689151508513,50.8282443896275,2.60397988587986,0.00267988874066063,1.5350794705679
"412","HlyE_IgG",83,3.48954027089412,265.44382427441,6.08483737178895,0.00153195589077585,1.2441188700458
"413","LPS_IgA",83,0.87812353042394,4.68900302129996,3.06154594753312,0.000984191564981931,2.41623083350848
"414","LPS_IgG",83,1.63950275878476,300.387380671663,2.34702835928006,0.000727832222447091,1.59912740938744
"415","Vi_IgG",83,1.30315337454611,264.386266041567,8.02354223856501,5.45807118743395e-05,1.26112919346757
"416","HlyE_IgA",84,0.296843563846873,228.249964982196,2.36427400455665,0.00122125043306422,1.23133925719503
"417","HlyE_IgG",84,7.25985604407277,150.22058930907,3.58310592105494,0.000373008257684936,1.99038276427008
"418","LPS_IgA",84,1.73911958579943,834.786066983734,2.46378799258727,0.00015456744803946,2.35422454635767
"419","LPS_IgG",84,0.977412896043457,146.386345804981,2.29105864239764,0.000586797953066459,1.44403184328999
"420","Vi_IgG",84,23.6840067577678,390.078278944628,2.47013054136897,0.00010114453747606,1.03059067668335
"421","HlyE_IgA",85,0.885630905842942,137.733518575792,4.54651042884718,0.00134318717545753,1.51776282933421
"422","HlyE_IgG",85,1.17276827366732,282.081550999412,17.3935596039745,0.00069797309624943,1.31925025031428
"423","LPS_IgA",85,2.78369727741717,9813.2001155075,2.54974664670234,5.86094326854913e-06,2.70691901533352
"424","LPS_IgG",85,2.43473519223841,237.278391398635,1.41590513787321,6.65458083553565e-05,1.87416074628789
"425","Vi_IgG",85,4.34684371943639,1337.99041122725,5.99952320357724,6.59528806798346e-05,1.1191800385742
"426","HlyE_IgA",86,2.68721408280309,225.506262502798,5.283348065109,0.000766596477494754,1.61304802616839
"427","HlyE_IgG",86,0.95178776972948,31.1882936999509,20.4953903523829,0.000245039778346658,1.31460732660273
"428","LPS_IgA",86,1.21572912538485,307.523382482196,2.90853640194149,0.000555156778680474,2.19946784987538
"429","LPS_IgG",86,0.108447401754493,879.323918741667,6.23837667313014,0.0046436712867744,1.13559944451246
"430","Vi_IgG",86,84.7851152772329,622.097689461469,1.52344771522483,0.000143658730240501,1.01889930745841
"431","HlyE_IgA",87,0.878104211918775,163.565411792614,35.7782440293673,0.000872995636865741,1.42961019701532
"432","HlyE_IgG",87,5.62336365504829,182.312164883095,9.80350524709597,0.00712119308128448,1.03565806252171
"433","LPS_IgA",87,1.84517292612976,356.640116907667,2.36456009901957,0.000156931681029612,2.60774246604836
"434","LPS_IgG",87,5.12135985261063,226.696108891488,1.29252930466713,0.000232858403367213,2.28849516670347
"435","Vi_IgG",87,41.1856543362835,280.934044716876,1.64475428131619,0.000390907343190113,1.03312688800244
"436","HlyE_IgA",88,22.1904052609021,468.092763349791,2.51632121598607,4.98002775826703e-05,4.80132617777742
"437","HlyE_IgG",88,1.29739057857902,26.948324983628,16.6225465547928,0.000948299668165794,1.38736960114353
"438","LPS_IgA",88,1.40747032876062,20.0847911961859,1.58803277217215,0.00117278971087357,1.73303487484061
"439","LPS_IgG",88,6.20949765649819,641.066639431713,0.725168672110251,8.83875000913851e-05,2.0177867328878
"440","Vi_IgG",88,4.12410901461879,6730.2862593579,5.31126480541212,4.51102980221829e-05,1.17271024034795
"441","HlyE_IgA",89,0.666476099314238,47.0627893374153,7.1751954378539,0.000521991110458308,1.55863107325236
"442","HlyE_IgG",89,3.51517742317952,265.595229664979,5.59749961102541,0.00125413398046824,1.52666057929324
"443","LPS_IgA",89,1.77031057978859,2070.66546098105,1.70959414459105,2.20609826655904e-05,3.45492693722711
"444","LPS_IgG",89,0.200273769690613,233.704458802254,5.30234937160034,0.00169412312905698,1.27702154390191
"445","Vi_IgG",89,1.65885233697735,543.390086216391,8.36728952568742,3.72149498398854e-05,1.26050583989942
"446","HlyE_IgA",90,6.69157986851905,11.1704463639473,4.15465752449774,0.000780668464134002,2.28991200129968
"447","HlyE_IgG",90,2.8739575005885,172.041567739628,7.00216929267414,0.002049580788824,1.15325838364272
"448","LPS_IgA",90,0.795358756563602,19.6826636950474,2.19252094885832,0.0032111376388517,1.76083634257292
"449","LPS_IgG",90,1.39934882021839,354.371795798131,0.972099901968691,0.000378600120844994,1.98610582751702
"450","Vi_IgG",90,1.8256115010868,242.580655103132,11.6459677008545,3.2724059044386e-05,1.57414402471421
"451","HlyE_IgA",91,57.5940924033432,161.068053764295,0.720148383507811,5.11867422438249e-05,6.2383156195126
"452","HlyE_IgG",91,1.8387095609382,432.516403298317,12.9481121811293,0.00561075492929095,1.09899855746642
"453","LPS_IgA",91,0.633736516527074,7.7659383549767,3.10408814764729,0.00766040825233787,1.64571115737251
"454","LPS_IgG",91,0.834418670155502,313.658189661001,2.02153474968417,0.000542311499114704,1.85796669265251
"455","Vi_IgG",91,18.1850531286653,453.752649588731,2.46458638923014,0.000517226331873917,1.04147145167131
"456","HlyE_IgA",92,1.34101259969351,89.2366348763595,18.7480547431064,0.000808839543407316,1.65867700079462
"457","HlyE_IgG",92,2.63069744698244,93.0637657208957,7.63360339100079,0.000713355973905716,1.5005684131288
"458","LPS_IgA",92,0.68746387244024,800.662082140752,2.85413836797212,0.000707212055487155,2.08529593396391
"459","LPS_IgG",92,0.496976270250616,62.5587351363787,2.62221138015462,0.000821129275405069,1.34216233185007
"460","Vi_IgG",92,1.29816145751107,148.683425178266,8.05223747487702,2.6687907440517e-05,1.71314108711606
"461","HlyE_IgA",93,3.56466471373452,867.380852022527,8.53922282874877,0.00085947398602869,1.95624425662808
"462","HlyE_IgG",93,11.8628302099045,402.754319315464,1.80910455161977,0.0021832078345804,1.15457745212576
"463","LPS_IgA",93,2.00861815385483,231.510217889043,1.67433822892406,0.000448859785827357,2.19167156743229
"464","LPS_IgG",93,1.39281934686199,112.323998344837,1.43859508222463,0.000221315781666475,1.84524986255741
"465","Vi_IgG",93,1.3642529644036,562.195470361253,11.6015649674533,1.55445571984873e-05,1.53767929634963
"466","HlyE_IgA",94,0.703617073848298,17.8792209899537,7.59423950479457,0.00180421443138756,1.46923995980707
"467","HlyE_IgG",94,2.43675929808266,288.905665377172,10.1070176560093,0.00058909093348889,1.39171137447131
"468","LPS_IgA",94,0.952273781429858,21.5386601203685,2.08773135428112,0.000271684253140573,2.15560266988983
"469","LPS_IgG",94,0.891407147692531,63.8778808373059,2.68454968819117,0.00150954046845229,1.68250870324295
"470","Vi_IgG",94,28.9395739715112,792.99474504024,1.70364998594691,4.99793818790445e-05,1.05325039801289
"471","HlyE_IgA",95,1.98427180903373,21.9097654634741,10.5219126329495,0.000599760589426105,1.65402676714906
"472","HlyE_IgG",95,4.45300878871859,48.8445971425635,10.307687746649,0.00135466647345608,1.26867038104759
"473","LPS_IgA",95,1.39165543647034,54.7852079911373,2.56492438844716,0.000590961314736053,1.7931372463518
"474","LPS_IgG",95,15.5932791857657,301.381199962344,0.4721903928727,3.51635683988457e-05,3.6657461508833
"475","Vi_IgG",95,3.72151186111735,1075.40923912419,7.95093872252041,4.46793112078524e-05,1.20373808644628
"476","HlyE_IgA",96,18.2791305137238,21.8483966121941,3.12273743450434,0.00143236264326595,2.67952161518617
"477","HlyE_IgG",96,0.453117411748269,183.574641774107,49.891467691947,0.000494961785196012,1.98222310689708
"478","LPS_IgA",96,0.746219116542033,85.2258119274756,3.15699302437673,0.0031814443092571,2.18496471763955
"479","LPS_IgG",96,7.70192270779312,24.2306514040845,0.718985563531658,0.000127858036421199,2.40095339321107
"480","Vi_IgG",96,6.24249536075182,836.461892696511,4.2897137252398,2.66425765400507e-05,1.11150788199972
"481","HlyE_IgA",97,2.57211624062919,42.8450651248465,7.87229788408434,0.000608033851949211,2.32213915915393
"482","HlyE_IgG",97,5.23470242842942,392.445793775464,3.87114372672193,0.00451563256019836,1.09182873618516
"483","LPS_IgA",97,1.74868661421181,306.007895832856,1.92868611180221,0.000408740531723625,2.3963588120457
"484","LPS_IgG",97,7.71903996933467,99.4848694084311,0.598346656407171,5.75497941323e-05,3.65549744838354
"485","Vi_IgG",97,0.89075220416021,1424.04359332987,10.6765526943606,6.71601830619508e-05,1.54273397295057
"486","HlyE_IgA",98,4.27887446695842,11.3934815053904,7.88845264772191,0.00337223348145991,2.14613567346721
"487","HlyE_IgG",98,0.691845924923308,323.545778561326,16.4853152535213,0.000362658114803346,1.79173305163522
"488","LPS_IgA",98,0.938286161759144,962.126267524443,2.22525607748447,7.69688317903824e-05,2.64784932779716
"489","LPS_IgG",98,4.53493159653909,269.312471137303,0.639256817516684,6.5872467227585e-05,2.58388549140586
"490","Vi_IgG",98,4.78492332144435,763.920206333048,4.87919379366101,2.37198098573224e-05,1.10945628863186
"491","HlyE_IgA",99,5.24397605646744,120.315053250724,1.61356174577673,8.99092256955004e-05,2.56558099827198
"492","HlyE_IgG",99,4.74361735634946,164.404167510907,3.92670244050902,0.000361336825504191,1.82633749444038
"493","LPS_IgA",99,1.0615389554707,6424.37898907323,2.39204105642893,4.82425088127429e-05,2.85648330153523
"494","LPS_IgG",99,5.00441238359775,2483.80478150681,1.01016340005449,7.34092946684791e-05,2.99013604356456
"495","Vi_IgG",99,9.88412564495761,514.814223699251,3.91803401025905,9.08759737403508e-06,1.09246362084352
"496","HlyE_IgA",100,7.41733627397327,249.551023456624,1.85170345145789,0.000266811004105529,2.24145862650252
"497","HlyE_IgG",100,3.27019625523612,41.4554723971584,4.56934560043679,0.00308982754595651,1.14228545396753
"498","LPS_IgA",100,1.71262623105047,490.154267897832,2.34882217409655,3.63906021263016e-05,2.59420949665906
"499","LPS_IgG",100,1.09418249004311,169.239736967786,1.94709593808214,0.000219240775625653,1.54314932329113
"500","Vi_IgG",100,5.96590045160235,821.905229056529,4.05771497039466,3.01960329947915e-05,1.12229733832711
