"Data";"precipita_o_total_hor_rio_mm";"radiacao_global_kj_m";"pressao_atmosferica_ao_nivel_da_estacao_horaria_m_b";"press_o_atmosferica_max_na_hora_ant_aut_m_b";"press_o_atmosferica_min_na_hora_ant_aut_m_b";"temperatura_do_ar_bulbo_seco_horaria_c";"temperatura_do_ponto_de_orvalho_c";"temperatura_m_xima_na_hora_ant_aut_c";"temperatura_m_nima_na_hora_ant_aut_c";"temperatura_orvalho_max_na_hora_ant_aut_c";"temperatura_orvalho_min_na_hora_ant_aut_c";"umidade_rel_max_na_hora_ant_aut_percent";"umidade_rel_min_na_hora_ant_aut_percent";"umidade_relativa_do_ar_horaria_percent";"vento_dire_o_horaria_gr_gr";"vento_rajada_maxima_m_s";"vento_velocidade_horaria_m_s"
2008-01-01;2.6;15660.8;916.78;917.07;916.48;24.84;18.68;25.79;23.98;19.45;17.93;74.54;64.83;70.04;137.75;5.3;1.76
2008-01-02;1.2;13979.8;917.59;917.85;917.33;23.39;18.89;23.96;22.88;19.53;18.43;80.21;73.12;76.5;166.92;5.19;2
2008-01-03;0;16206.8;919.37;919.6;919.05;23.6;17.19;24.3;22.82;17.86;16.48;72.71;64.75;68.58;152.96;5.9;2.55
2008-01-04;0;21112;919.65;919.91;919.38;23.77;16.27;24.47;22.86;17.02;15.46;69.42;61.08;65.21;177.58;5.11;2.22
2008-01-05;9;14872.6;918.05;918.39;917.76;23.19;18.1;23.98;22.44;18.52;17.41;77.29;69.75;74.21;201.5;5.24;2.01
2008-01-06;33.6;11637.6;916.71;917.05;916.37;20.33;18.45;20.98;19.87;19.06;18.06;91.46;86.88;89.29;160.46;4.29;1.33
2008-01-07;2.6;16321.8;916.31;916.6;916.04;21.21;17.52;21.9;20.48;18.11;16.9;84.58;77.08;80.75;159.08;4.5;1.77
2008-01-08;0;20975.4;915.21;915.47;915.02;22.4;16.79;23.33;21.6;17.43;16.23;75.83;67.88;71.88;133.75;5.98;2.6
2008-01-09;0;21423.6;914.26;914.53;914.02;23.11;16.89;23.8;22.41;17.43;16.28;73.46;66.58;70.04;140.58;4.44;1.96
2008-01-10;0;22060.9;913.94;914.18;913.69;23.5;17.55;24.29;22.76;18.15;16.99;74.17;67.04;70.92;148.08;5.74;2.42
2008-01-11;6.6;22923.9;915.62;915.89;915.27;23.67;18.18;24.29;22.84;18.88;17.65;76.5;69.29;72.21;178.71;6.27;2.67
2008-01-12;0;17498.9;916.49;916.7;916.23;23.83;18.68;24.48;23.27;19.38;18.2;77.83;70.21;73.92;149.96;5.11;2.28
2008-01-13;8.6;10062.9;917.92;918.2;917.6;21.54;19.12;21.95;21.2;19.48;18.7;88.29;83.88;86.46;119.67;5.2;2.23
2008-01-14;2.2;12021.1;918.69;918.88;918.5;20.91;18.27;21.31;20.59;18.75;17.96;87.42;83.5;85.25;94.88;5.45;2.72
2008-01-15;5;15722;917.7;917.99;917.5;21.36;17.45;21.89;20.96;17.96;16.84;82.29;76.62;79.79;124.12;5.47;2.46
2008-01-16;16.2;22628.5;916.32;916.59;916.06;21.53;16.88;22.39;20.72;17.63;16.17;81.12;72.75;77;163.75;5.13;2.33
2008-01-17;1.6;19170.1;916.57;916.88;916.32;21.73;17.5;22.47;20.96;18.08;16.98;82.21;74;78;236.21;6.87;2.67
2008-01-18;2.8;15534.3;916.63;916.9;916.35;22.65;19.43;23.37;22.15;19.88;18.93;85.21;78.5;82.62;236.12;5.42;2.02
2008-01-19;10.4;10631.5;916;916.28;915.71;21.37;19.15;22.13;20.94;19.68;18.75;89.33;84.92;87.54;124.38;6.06;2.24
2008-01-20;13.6;9261.9;916.14;916.38;915.91;20.44;18.82;20.84;20.02;19.23;18.48;92.67;89;90.67;290.54;6.42;2.57
2008-01-21;5;10717.5;916.6;916.79;916.38;20.06;18.12;20.68;19.63;18.59;17.84;90.67;86.58;88.75;144.62;5.64;2.51
2008-01-22;0;10733.5;917.74;917.95;917.51;19.2;16.48;19.6;18.8;16.83;16.18;86.08;82.88;84.42;133.75;7.45;3.57
2008-01-23;0;13325.6;918.53;918.73;918.3;20.45;16.54;20.92;19.98;16.92;16.18;81.21;76.79;78.83;109;7.14;3.46
2008-01-24;0;11222.1;919.65;919.85;919.48;21.52;17.54;21.91;21.12;17.84;17.21;80.21;76.54;78.54;105.29;6;2.8
2008-01-25;0.8;9992.7;918.67;918.88;918.44;21.2;18.09;21.76;20.78;18.38;17.7;84.96;79.71;82.79;104.67;5.53;2.52
2008-01-26;0;12389.3;917.76;917.98;917.58;20.9;17.41;21.34;20.49;17.8;17.12;82.83;79.54;80.92;116;6.52;3.2
2008-01-27;0.2;9860.6;917.72;917.94;917.51;20.12;15.98;20.5;19.72;16.22;15.68;79.17;75.33;77.33;122.46;7.35;3.48
2008-01-28;7.4;9340;917.7;917.91;917.5;18.92;16.99;19.29;18.66;17.34;16.73;90.04;86.67;88.75;86.75;8.51;4.33
2008-01-29;38.8;8676.9;915.24;915.56;915.08;19.24;17.96;19.69;18.92;18.32;17.66;93.75;90.62;92.46;88.42;8;3.92
2008-01-30;14.6;15668.6;911.35;911.66;911.19;20.81;18.42;21.32;20.21;18.89;18;89.38;84.67;86.96;184.04;6.73;3.02
2008-01-31;0;17605.5;909.9;910.13;909.65;21.87;18.3;22.4;21.35;18.81;17.87;83.75;79.5;81.5;177.62;5.09;1.94
2008-02-01;0;22294.6;911.44;911.63;911.18;23.35;17.43;24.08;22.61;18.3;16.85;75.58;68.88;71.75;205.62;3.91;1.43
2008-02-02;0;23593.3;913.08;913.32;912.76;24.64;17.95;25.39;23.9;18.65;17.42;71.79;65.54;68.5;178.5;3.99;1.71
2008-02-03;25.6;11958.1;915.6;915.86;915.27;22.17;19.11;22.94;21.77;19.64;18.7;85.25;79.75;83.5;273.12;5.61;2.17
2008-02-04;1.2;14808.1;917.44;917.64;917.19;21.68;17.87;22.1;21.09;18.33;17.4;82.58;78;80.04;110.46;4.33;1.93
2008-02-05;0;14301.1;919.23;919.5;918.87;21.05;17.12;21.61;20.75;17.6;16.78;81.58;76.38;79.12;82.04;5.25;2.3
2008-02-06;0;13723.5;919.7;919.92;919.48;20.95;17.35;21.56;20.47;17.88;16.9;83.21;77.58;80.5;111.33;4.21;1.8
2008-02-07;3.4;14585.5;919.45;919.66;919.18;21.58;18.35;22.2;21;18.95;17.82;85.29;79.75;82.67;157.5;6.84;3.14
2008-02-08;0;23501.8;919.71;919.99;919.5;22.32;16.95;22.73;21.52;17.55;16.37;78.08;72.42;74.67;285.54;5.42;1.91
2008-02-09;0.4;19614.6;917.41;917.67;917.24;23.3;17.96;24.12;22.6;18.71;17.29;77.25;70.12;73.67;161.38;4.2;1.45
2008-02-10;2.6;18983.1;916.95;917.21;916.68;23.04;18.74;23.68;22.44;19.27;18.18;80.83;74.5;78.08;199.54;5.65;2.2
2008-02-11;1.2;23322;917.6;917.82;917.35;24.15;18.74;24.87;23.36;19.48;18.02;78.12;69.88;73.88;197.88;4.78;1.7
2008-02-12;0;22013.8;917.76;917.98;917.54;24.78;18.19;25.37;23.96;18.93;17.61;73.67;66.54;69.42;186.25;4.61;1.87
2008-02-13;2;15721.3;918.36;918.64;918.09;23.08;18.27;23.85;22.52;18.88;17.73;78.71;70.75;75.33;144.62;5.1;2.13
2008-02-14;19;17907.3;918.59;918.9;918.23;23.88;17.2;24.75;23.2;17.97;16.51;72.29;63.83;68.38;84.96;4.73;1.75
2008-02-15;7.6;13555.9;918.74;919.08;918.5;22.02;17.66;22.45;21.4;18.24;17.1;81.08;75.04;77.75;119.58;5.36;2.3
2008-02-16;0;22148.3;917.28;917.5;917.06;23.53;17.17;24.08;23.02;17.82;16.53;71.54;65.5;68.75;132.71;6.29;2.92
2008-02-17;8;17503.4;918.48;918.73;918.14;22.99;18.34;23.71;22.42;19.01;17.74;79.92;72.71;76.46;172.54;5.58;1.98
2008-02-18;17.8;17913.7;919.76;920.04;919.38;22.7;17.76;23.82;21.94;18.42;17.05;78.46;68.67;74.88;163.29;5.35;1.91
2008-02-19;15.4;18716.7;920.18;920.56;919.93;21.47;17.4;22.12;20.83;18.03;16.86;82.29;76.38;79.12;164.67;4.68;1.75
2008-02-20;6;18207.1;917.26;917.61;917.02;22.29;18.67;22.92;21.67;19.08;18.05;83.46;77.79;81.25;198.12;5.26;1.94
2008-02-21;25.6;12088.1;916.16;916.44;915.86;21.09;18.86;21.81;20.59;19.36;18.5;89.65;84.55;87.6;269.9;5.58;1.89
2008-02-22;3.4;12408.2;918.05;918.28;917.72;21.64;19.04;22.04;21.21;19.34;18.69;88.25;84.21;86.29;235.29;4.59;1.62
2008-02-23;0.4;8980.3;919.55;919.82;919.29;21.52;19.32;22;21.11;19.72;18.99;89.83;85;87.67;239.33;3.94;1.41
2008-02-24;32.6;8034.7;918.39;918.63;918.19;20.87;19.37;21.23;20.56;19.63;19.08;92.46;89.5;91.25;197.38;3.49;1.34
2008-02-25;1.4;15163.8;916.6;916.85;916.43;22.09;18.31;22.55;21.47;18.8;17.88;83.12;78.38;80.38;139.83;4.85;2.09
2008-02-26;0;18118.8;916.55;916.76;916.32;22.42;17.07;23.1;21.88;17.6;16.66;75.71;70.21;73.08;141.75;5.83;2.55
2008-02-27;0;16885.3;917.02;917.25;916.76;22.35;17.38;22.92;21.82;17.75;16.9;76.96;71.58;74.46;110.25;5.56;2.56
2008-02-28;0;18281.1;916.21;916.45;916.02;22.36;17.47;22.94;21.9;17.92;17.08;77.42;72.08;74.92;108.42;6.3;2.87
2008-02-29;15.8;7849;914.12;914.43;913.91;20.69;18.65;21.14;20.3;18.98;18.26;89.79;85.67;88.21;85.42;5.2;2.57
2008-03-01;11.6;16637.8;911.42;911.67;911.18;22.13;19.25;22.72;21.64;19.78;18.86;87.42;82.12;84.75;172.62;6.55;2.59
2008-03-02;0;21704.7;912.78;912.93;912.54;22.75;17.32;23.4;22.04;18.05;16.8;77.04;70.83;73.54;258.71;4.42;1.66
2008-03-03;0;18308.5;915.38;915.53;915.15;22.66;15.85;23.44;21.97;16.44;15.24;70.52;64.48;67.78;239.26;5.67;2.3
2008-03-04;0;23016.7;916.72;916.87;916.52;22.76;15.64;23.39;22.07;16.2;14.96;70;63.67;66.88;196.42;4.63;1.89
2008-03-05;0;20819.9;916.31;916.53;916.12;22.93;14.87;23.69;22.24;15.8;14.14;67.96;60.67;64.17;199.46;3.86;1.23
2008-03-06;0;20633.5;915.93;916.13;915.7;22.94;14.52;23.72;22.2;15.38;13.73;66.21;58.67;62.21;173.79;3.87;1.37
2008-03-07;1.6;14731.2;917.05;917.23;916.78;22.75;17.27;23.52;22.1;17.75;16.68;74.79;68;71.67;135.25;4.8;2.04
2008-03-08;0;20086.9;918.3;918.53;918.04;23.62;17.81;24.2;22.97;18.36;17.33;74.67;68.62;71.58;64.92;5.97;2.86
2008-03-09;21.2;18418.6;919.26;919.52;918.96;23.23;18.43;24;22.56;19.1;17.86;79.96;72.92;76.38;150.21;4.55;1.45
2008-03-10;10;20705.9;918.22;918.51;918;22.35;18.18;22.98;21.7;18.77;17.7;81.88;75.79;78.62;140.83;5.19;2.27
2008-03-11;14.8;9129.4;917.24;917.48;917;21.74;19.57;22.32;21.23;19.95;19.07;89.96;83.88;87.75;201.67;3.8;1.26
2008-03-12;7;9389.1;917.44;917.67;917.17;21.59;19.7;21.98;21.08;19.98;19.37;91.33;87.58;89.42;170.38;5.2;2
2008-03-13;34;5674.6;916.87;917.16;916.65;20.33;19.37;20.66;19.98;19.65;19.09;95.29;93.46;94.46;310.42;5;1.87
2008-03-14;5.4;10187;916.3;916.5;916;19.2;16.33;19.6;18.94;16.8;16.14;86.04;82.71;83.96;135.83;8.12;3.67
2008-03-15;0;11489.5;917.94;918.18;917.61;18.32;14.62;18.78;18.02;14.97;14.36;81.08;77.17;79.29;134.62;7.62;3.55
2008-03-16;26.6;8161.5;919.81;920.01;919.49;18.5;15.89;19.01;18.1;16.23;15.64;86.83;83.12;85.12;107.46;4.96;2.28
2008-03-17;13.4;4449;920.98;921.22;920.74;17.4;15.83;17.73;17.18;16.22;15.53;92.04;88.96;90.54;96.83;6.04;3.17
2008-03-18;0.2;19637.6;920.65;920.9;920.41;20.7;15.48;21.38;20.03;16.02;14.83;77.08;69.71;73.62;91.54;5.57;2.49
2008-03-19;17.8;19432.8;920.14;920.38;919.9;21.64;17.06;22.43;20.93;17.78;16.38;80.71;72.21;76.58;87.62;6.83;3.06
2008-03-20;0;16640.8;920.53;920.78;920.27;21.75;16.66;22.27;21.2;17.14;16.23;76.46;71.17;73.67;111.62;4.93;2.39
2008-03-21;1.6;13575.9;919.44;919.75;919.19;22.39;17.92;22.96;21.87;18.42;17.45;80;73.67;76.83;115.33;4.61;1.9
2008-03-22;1;14080.3;918.91;919.17;918.63;21.65;18.31;22.28;21.13;18.79;17.9;84.96;79.25;82.29;167.21;4.65;1.87
2008-03-23;0;18402.5;918.39;918.62;918.18;22.08;16.03;22.69;21.5;16.84;15.4;75.62;69;71.96;161;3.9;1.39
2008-03-24;0;15738.6;918.72;918.95;918.48;22.21;17.59;22.96;21.55;18.04;17.05;79.08;72.46;76.08;135.71;4.9;2.23
2008-03-25;7.6;14095.9;919.63;919.84;919.37;22.08;17.64;22.77;21.51;18.15;17.3;79.92;73.67;76.75;137.25;6.6;2.79
2008-03-26;2.6;16218.3;918.7;919;918.47;21.46;17.4;22.15;20.76;17.91;16.92;81.96;75.79;78.96;118.12;6.62;2.72
2008-03-27;0;18792.1;916.63;916.92;916.42;21.58;16.43;22.25;20.83;17.12;15.8;77.88;70.88;74.12;151.21;5.02;1.94
2008-03-28;0;21502.4;916.07;916.23;915.88;22.38;15.32;23;21.62;15.92;14.5;70.5;63.46;66.92;144.04;4.25;1.87
2008-03-29;0;19472.1;917.2;917.36;916.97;22.54;15.5;23.27;21.9;16.19;14.71;70.33;62.21;66.67;133.17;5.32;2.52
2008-03-30;0;19481;918.48;918.69;918.26;20.56;15.63;21.16;20.06;15.96;15.25;76.67;72;74.67;141;9.01;3.94
2008-03-31;0;16968;917.88;918.13;917.7;20.14;14.5;20.64;19.59;14.93;14.11;74;69.71;71.79;116.08;6.44;3.05
2008-04-01;0;19139.7;916.58;916.82;916.42;21.32;15.03;22.04;20.61;15.51;14.6;72.17;66.38;69.33;144.67;4.59;2.07
2008-04-02;0;8683.9;916.4;916.57;916.2;20.73;16.41;21.19;20.32;16.7;16.08;78.79;73.92;76.62;116.42;4.21;2.06
2008-04-03;7.8;8077;915.99;916.24;915.74;20.71;17.62;21.11;20.26;17.94;17.23;85.25;80.54;83;218;3.17;1
2008-04-04;0;11023.1;915.92;916.14;915.66;20.32;17.74;20.72;19.88;18.05;17.33;87.42;83.88;85.67;93.96;3.78;1.7
2008-04-05;0;14281.9;916.45;916.64;916.28;20.45;16.32;21.01;19.91;16.74;15.95;80.21;76.33;78.17;125.12;5.68;2.68
2008-04-06;8.8;13014.1;916.37;916.59;916.11;20.09;17.08;20.66;19.48;17.33;16.67;85.54;80.92;83.58;103.08;5.77;2.58
2008-04-07;0.2;10721.4;916.84;917.06;916.62;21.34;18.75;21.78;20.94;19.09;18.36;87.71;83.79;85.88;156.42;3.93;1.73
2008-04-08;0.6;11661.8;918.83;919.03;918.55;21.61;19.07;22.17;21.2;19.52;18.81;88;83.67;85.88;132.88;4.55;2.06
2008-04-09;1.2;15068.7;919.41;919.64;919.2;22.41;19.33;23.04;21.91;19.87;18.8;86.29;80.88;83.67;122.42;4.33;2.04
2008-04-10;0.6;12100.1;917.59;917.9;917.37;23.2;19.8;23.84;22.53;20.24;19.23;84.71;79.46;82.04;163.96;4.54;1.97
2008-04-11;0;17668.3;915.9;916.21;915.69;23.12;17.76;23.85;22.43;18.27;17.15;76.54;70.33;73.71;142;3.98;1.66
2008-04-12;1;12987;915.71;916.01;915.32;22.44;17.93;23.27;21.76;18.52;17.45;80.21;73.46;76.5;138.25;4.9;1.9
2008-04-13;0;17591.8;915.44;915.75;915.23;22.2;16.39;22.85;21.52;17.06;15.79;75.58;68.38;71.92;220.21;4.8;1.91
2008-04-14;18.4;7527.3;915.85;916.14;915.52;20.62;18.15;21.29;20.2;18.56;17.82;88.38;82.71;86;207.71;4.55;1.74
2008-04-15;0;10343.9;918.48;918.61;918.27;19.28;16.61;19.67;18.98;16.98;16.42;86.62;83.62;84.92;125.75;5.8;2.72
2008-04-16;10.8;11379.2;920.56;920.72;920.3;20.15;16.88;20.61;19.62;17.18;16.53;84.46;80.08;82.38;100.67;5.82;2.62
2008-04-17;0;12773;921.72;921.97;921.45;21.98;17.92;22.57;21.38;18.46;17.42;81.58;76.58;79.04;111.29;3.9;1.7
2008-04-18;0;20395.8;921.12;921.38;920.92;21.37;15.35;21.95;20.96;15.91;15.04;72.42;67.04;69.75;137.33;6.82;2.98
2008-04-19;11.6;11447.1;919.93;920.17;919.72;19.42;16;19.95;19.01;16.24;15.73;83.38;79.17;81.71;142.04;6.28;2.79
2008-04-20;2.8;5707.6;918.96;919.27;918.72;18.77;17.01;19.03;18.49;17.25;16.8;91;87.88;89.46;73.5;4.85;2.22
2008-04-21;2.8;8090.3;919.15;919.38;918.91;18.79;17.2;19.17;18.4;17.55;16.88;92.21;89.54;90.92;143.5;4.13;1.78
2008-04-22;3.4;16904.4;918.92;919.24;918.74;20.29;17.21;20.94;19.66;17.75;16.57;86.17;81.62;84.17;164.5;4.17;1.38
2008-04-23;0.4;18384.5;917.65;917.9;917.46;19.8;15.45;20.42;19.07;16.12;14.82;81.71;75.67;78.54;183.25;4.08;1.16
2008-04-24;0.2;19780.6;916.82;916.99;916.63;19.42;13.67;20.08;18.79;14.5;13.1;75.79;69.75;72.33;183.25;4.19;1.78
2008-04-25;0;17577.9;916.47;916.65;916.25;18.69;12.78;19.54;17.95;13.43;12.01;74.62;67.42;71.46;192.42;3.2;1.22
2008-04-26;0;18555.7;916.5;916.69;916.32;18.63;12.31;19.33;17.8;12.88;11.67;73.04;66.75;69.79;160.46;3.16;1.07
2008-04-27;0;19741.9;917.3;917.5;917.07;19.51;12.58;20.35;18.73;13.43;11.93;71.79;64.38;67.96;152.54;3.05;1.32
2008-04-28;0;19700.6;916.82;917.06;916.55;20.42;13.05;21.09;19.59;13.63;12.23;68.88;61.33;64.96;129.54;3.98;2.07
2008-04-29;25.8;14056.8;916.45;916.77;916.08;21.42;15.99;22.43;20.66;16.46;15.53;75.5;67.75;72.21;214.92;5.72;2.07
2008-04-30;2.4;8816.8;918.54;918.77;918.22;18.31;16.28;18.75;18.02;16.71;16.1;89.54;87.12;88.12;134.38;5.87;2.5
2008-05-01;1.4;6681.3;919.81;920.02;919.61;16.31;13.3;16.67;15.92;13.49;13;84.26;81.04;82.74;119.26;7.29;3.48
2008-05-02;23.2;3524;918.15;918.45;917.94;17.3;16.06;17.51;17.1;16.2;15.88;93.08;91.71;92.5;132.38;6.69;3.16
2008-05-03;2.4;16629.4;919.15;919.33;918.88;14.47;12.21;15.06;14.13;12.79;11.91;88.75;85.42;86.88;265.42;7.25;3.17
2008-05-04;0;18976.7;920.61;920.82;920.43;14.17;9.29;14.55;13.66;9.76;8.72;75.92;70.25;73.12;286.92;4.95;1.88
2008-05-05;0;17882.9;920.06;920.32;919.8;15.42;10.94;15.96;14.87;11.4;10.47;78.62;73;75.88;222.08;4.18;1.73
2008-05-06;0;19588.9;919.33;919.55;919.15;14.76;8.06;15.5;14.06;9.01;7.22;72.42;64.54;68.29;203.96;3.26;0.89
2008-05-07;0;19249.3;919.98;920.15;919.78;13.98;6.9;14.84;13.22;7.85;6.21;70.75;63.33;66.79;139.25;2.64;0.9
2008-05-08;0;18421.3;919.65;919.89;919.47;15.73;7.33;16.47;14.93;8.29;6.55;65.88;58.71;62.08;158.92;3.25;1.41
2008-05-09;0;14097.5;919.37;919.54;919.14;17.92;11.27;18.47;17.37;11.73;10.78;68.96;62.75;66.17;122.46;3.94;1.82
2008-05-10;0;15890;921.22;921.37;920.98;16.95;12.44;17.41;16.5;12.73;12.17;77.79;74.17;75.83;136.62;6.12;2.8
2008-05-11;0;13512.9;922.5;922.7;922.27;16.75;12.73;17.3;16.16;13.06;12.38;80.46;76.5;78.46;127.92;5.89;2.72
2008-05-12;0;10118.9;923.25;923.44;923;16.55;12.94;17.08;16.13;13.24;12.67;81.42;77.92;79.88;119.04;5.47;2.5
2008-05-13;0.6;8814.7;923.28;923.49;923.07;16.41;12.53;16.85;16.01;12.87;12.22;80.42;76.67;78.71;108;5.08;2.38
2008-05-14;1.6;15371.7;922.61;922.84;922.4;17.56;13.86;18.14;17.02;14.31;13.44;82.54;77.58;80;144;4.1;1.59
2008-05-15;0;15358.3;922.03;922.24;921.82;18.22;13.57;18.91;17.54;14.05;13.07;79;73.17;76.08;141.54;4.1;1.79
2008-05-16;0.2;16657.9;922.04;922.25;921.84;18.57;13.12;19.12;17.89;13.65;12.57;76.04;70.92;73.33;142.71;3.12;1.33
2008-05-17;0;12548.1;922.4;922.62;922.2;19.11;12.98;19.75;18.5;13.32;12.53;70.79;64.92;68.08;97.42;4.72;2.3
2008-05-18;0;16084.7;922.28;922.51;922.11;19.82;14.81;20.51;19.18;15.27;14.41;77.67;71.96;74.83;127.21;4.03;2.15
2008-05-19;0;11338.6;921.87;922.07;921.66;18.95;14.5;19.6;18.23;15.03;13.99;79.78;73.7;76.83;141.43;3.07;1.53
2008-05-20;0;17194.5;921.61;921.82;921.44;18.56;10.33;19.29;17.81;11.28;9.65;67.71;61.33;63.88;101.92;3.19;1.53
2008-05-21;0;17225.7;920.11;920.34;919.92;18.7;10.13;19.41;17.96;10.69;9.55;62.71;56.54;59.75;133.54;3.25;1.62
2008-05-22;0;16266.5;920.97;921.17;920.75;18.67;11.33;19.6;17.82;11.93;10.73;68.92;61.5;65.33;138.71;3.05;1.39
2008-05-23;0;16752;920.38;920.57;920.2;18.89;11.85;19.62;18.08;12.37;11.2;69.25;62.79;66.04;159.04;2.98;1.47
2008-05-24;0;13557;919.88;920.08;919.74;17.82;12.37;18.69;17.16;13.03;11.87;75.92;69.62;72.92;192.79;3.58;1.4
2008-05-25;0;14605.8;918.28;918.5;918.08;17.42;11.79;18.22;16.7;12.43;11.33;75.29;69.08;72.25;194.83;3.15;1.34
2008-05-26;0;16310.6;919.42;919.58;919.18;17.56;11.03;18.54;16.72;11.75;10.47;71.92;64.88;68.58;188.67;2.93;1.29
2008-05-27;0;16583.3;920.13;920.35;919.95;17.21;9.74;18;16.45;10.4;9.09;68.25;61.71;65.08;127.46;3.54;1.63
2008-05-28;0;16354.6;919.48;919.69;919.32;18.67;11.21;19.44;17.81;11.72;10.62;67.88;61.58;64.83;138.75;4.02;1.98
2008-05-29;1.4;6627.3;919.05;919.27;918.8;19.16;14.15;19.67;18.45;14.41;13.82;76.38;70.58;73.62;91.79;4.92;2.17
2008-05-30;0.8;6193.8;921.83;921.95;921.52;17.95;16.31;18.29;17.61;16.63;16.07;91.83;88.92;90.38;245.04;4.86;1.98
2008-05-31;0;11953.9;924.6;924.82;924.37;14.28;11.03;14.85;13.88;11.6;10.78;83;80.04;81.21;137.83;7.26;3.42
2008-06-01;7.4;6929.2;924.66;924.96;924.36;13.47;11.45;13.92;13.05;11.85;11.1;88.91;86.41;87.77;133.68;5.16;2.35
2008-06-02;0;12303.6;924.15;924.36;924;16.03;13.06;16.68;15.51;13.55;12.64;86;81.25;83.75;113.79;3.26;1.43
2008-06-03;0.2;14301.7;922.21;922.47;922.06;16.73;12.91;17.38;16.07;13.4;12.5;81.54;77.29;79.29;166.71;4.82;2.43
2008-06-04;20.8;5717.7;921.17;921.44;920.86;17.36;15.34;17.71;16.99;15.62;15.03;89.52;86.39;88.17;257.09;4.03;1.44
2008-06-05;0.2;15867.7;922.73;922.92;922.5;18.35;14.59;18.98;17.7;15.11;13.97;83.71;78.67;81.04;104.54;3.07;1.57
2008-06-06;0;12020.8;923.56;923.75;923.4;18.47;14.05;18.91;17.74;14.48;13.4;80.14;74.95;77.36;87.5;3.22;1.75
2008-06-07;0;13281.3;923;923.2;922.82;19.26;13.23;20.02;18.5;13.95;12.49;74.62;66.83;70.62;76.29;3.22;1.93
2008-06-08;0;15831.5;922.25;922.44;922.08;19.93;11.75;20.53;19.24;12.41;11.19;64.96;57.46;60.71;99.67;3.62;1.9
2008-06-09;0;11770.8;920.98;921.19;920.82;20.04;12.27;20.69;19.43;12.68;11.91;64.42;59;61.79;171.75;6;2.94
2008-06-10;0;15150;919.8;920.02;919.58;19.44;14.09;20.19;18.77;14.4;13.69;74.33;68.83;72.04;299.92;5.08;2.08
2008-06-11;0;15427.5;921.15;921.35;920.9;18.64;14.06;19.38;17.93;14.6;13.3;79.88;74.04;77.38;172.29;3.05;1.24
2008-06-12;0;15037.9;921.95;922.15;921.72;19.75;14.13;20.37;19.14;14.68;13.67;75.38;69.79;72.38;134.5;3.25;1.47
2008-06-13;0;14840.5;921.24;921.48;921.09;19.41;13.44;20.14;18.78;14.04;12.97;73.83;67.88;70.88;190.42;3.5;1.63
2008-06-14;0;15715;918.88;919.14;918.69;18.97;12.05;19.65;18.32;12.59;11.66;69.5;63.75;66.71;193.46;4.46;1.94
2008-06-15;0.4;13880.5;919.65;919.78;919.37;19.48;13.1;20.2;18.79;13.43;12.63;70.75;64.38;68.04;268.21;5.46;2.42
2008-06-16;0;15871.3;922.58;922.74;922.34;15.68;11.99;16.29;15.27;12.57;11.7;82.08;77.54;79.54;173.04;5.63;2.36
2008-06-17;0;15589.7;922.24;922.47;922.05;11.95;7.07;12.85;11.19;7.91;6.43;79.04;72.17;75.42;136.83;4.32;1.95
2008-06-18;0;15992.5;920.81;921.06;920.62;15.36;9.74;16.04;14.48;10.45;8.93;76.25;69.62;72.96;153.04;4.05;1.75
2008-06-19;0;14508.9;920.01;920.22;919.82;17.36;11.64;18;16.66;12.18;11.04;73.88;67.92;70.88;115.38;3.81;1.81
2008-06-20;0;14824.4;919.41;919.65;919.23;19.6;12.47;20.43;18.95;12.85;12.03;67.67;61.62;65.08;172.04;5.36;2.33
2008-06-21;0;9784.7;918.6;918.78;918.39;19.24;14.16;19.91;18.51;14.55;13.72;75.42;70.08;72.71;284.96;5.04;2.23
2008-06-22;0;9300.4;920.06;920.17;919.83;18.56;15.4;19.1;18.27;15.8;15.12;84.67;80.29;82.75;182.88;3.46;1.26
2008-06-23;0;12555.8;922.65;922.82;922.37;15.9;13.06;16.52;15.44;13.47;12.75;85.79;81.67;83.88;140.08;5.2;2.29
2008-06-24;3.4;4554.7;924.49;924.7;924.24;13.57;12.09;13.96;13.16;12.39;11.79;91.92;89.5;90.92;126.83;5.35;2.5
2008-06-25;0;12977.9;923.82;924.04;923.64;14.69;12.87;15.05;14.3;13.14;12.52;90.67;88.08;89.25;142.08;4.84;2.25
2008-06-26;0;16084.1;923.57;923.75;923.39;15.7;11.19;16.3;15.1;11.56;10.77;78.88;74;76.67;94;5.76;2.84
2008-06-27;0;15537.3;924.36;924.53;924.13;16.98;11.46;17.62;16.28;11.79;11.05;73.83;68.62;71.38;70.79;4.85;2.7
2008-06-28;0;15730.2;925.03;925.25;924.88;17.22;10.16;17.97;16.42;10.86;9.4;70.25;62.96;66.25;66.29;4.07;2.15
2008-06-29;0;14538.3;923.89;924.1;923.7;17.55;10.42;18.34;16.65;10.97;9.87;68.5;61.62;65.08;145;3.87;2.02
2008-06-30;0;14987.8;923.34;923.56;923.13;17.06;10.5;17.82;16.25;11.12;9.9;71.58;64.92;68.29;129;3.69;1.85
2008-07-01;0;12147.6;924.02;924.2;923.8;17.83;9.91;18.52;17.15;10.55;9.32;64.96;58.96;62.08;106.83;3.34;1.87
2008-07-02;0;8452.4;924.73;924.92;924.54;18.72;8.43;19.27;18.02;9.1;7.72;57.42;49.88;53.38;93.67;3.31;1.72
2008-07-03;0;11046;923.59;923.81;923.42;19.49;8.81;20.12;18.94;9.72;8.17;55.92;49.33;52.42;144.71;3.43;1.54
2008-07-04;0;16135.8;922.7;922.93;922.52;17.4;9.43;18.1;16.67;10.19;8.78;66;58.38;62.17;135.5;3.86;1.76
2008-07-05;0;16699.5;923.01;923.18;922.85;15.99;7.03;16.98;15.28;8.07;6.54;64.33;56.33;59.88;97.96;4.08;1.94
2008-07-06;0;16390.8;923.74;923.88;923.56;17.13;7.41;17.85;16.41;7.89;6.82;57.88;52;55.25;97.21;4.11;2.25
2008-07-07;0;16208.7;924.84;925;924.66;17.2;7.82;18.04;16.44;8.47;7.35;59.79;53.46;56.62;97.12;4.11;2.09
2008-07-08;0;16590.3;923.64;923.85;923.48;16.79;6.14;17.61;16.04;6.82;5.54;55.83;49.88;52.62;100.58;3.85;2.14
2008-07-09;0;16790;923.68;923.85;923.5;15.85;6.03;16.67;15.07;6.59;5.41;58;51.54;54.92;96.92;4.15;2.19
2008-07-10;0;16727.7;926.05;926.2;925.8;14.7;7.1;15.39;13.94;7.54;6.57;66.62;60.29;63.33;98.25;4.42;2.23
2008-07-11;0;16939.5;927.62;927.79;927.43;15.65;7.8;16.42;14.95;8.24;7.29;65.62;59.42;62.75;108.04;5.18;2.44
2008-07-12;0;17010.2;926.38;926.63;926.24;16.45;8.6;17.31;15.69;9.15;8.16;65;58.96;62;84.29;5.58;2.69
2008-07-13;0;17163.3;924.99;925.18;924.81;16.14;8.33;16.92;15.38;8.75;7.75;64.92;58.79;62.08;78.12;5.03;2.41
2008-07-14;0;17504.9;925.2;925.37;924.99;14.66;5.61;15.55;13.86;6.3;4.96;62.62;55.67;59.04;88.12;3.85;1.75
2008-07-15;0;17361.5;926.56;926.77;926.34;15.46;5.84;16.19;14.59;6.31;5.36;58.75;52.79;55.71;82.58;3.8;2.06
2008-07-16;0;17695.5;926.11;926.36;925.95;15.09;5.5;16.06;14.15;6.04;4.96;58.96;51.79;55.54;73.67;4.93;2.4
2008-07-17;0;17401.1;922.99;923.3;922.83;16.12;6.88;17.07;15.32;7.35;6.31;59.21;53.04;56.5;165.33;4.48;2.17
2008-07-18;0;17214.1;921.87;922.07;921.69;16.15;7.25;16.98;15.24;7.81;6.62;63.67;57.29;60.42;166.88;3.88;1.5
2008-07-19;0;14768.4;922.42;922.6;922.19;18.04;7.5;18.95;17.08;7.98;6.99;56.92;50.38;53.54;125.96;3.13;1.49
2008-07-20;0;16821.8;922.98;923.18;922.78;18.38;6.63;19.23;17.58;7.35;6.12;52.67;47.04;49.62;104.5;3.4;1.85
2008-07-21;0;16621.1;922.05;922.25;921.88;18.76;6.21;19.65;17.97;6.74;5.68;48.33;42.88;45.79;152.54;4.4;2.2
2008-07-22;0;17026.6;921.05;921.28;920.84;19.76;7.98;20.62;18.73;8.47;7.4;52.54;45.88;49;146.38;5.25;2.4
2008-07-23;0;16663;920.78;920.97;920.61;20.51;7.79;21.29;19.68;8.25;7.29;48.58;43.38;45.96;176.46;5.1;2.11
2008-07-24;0;14124.9;921.95;922.11;921.66;17.65;9.86;18.56;16.83;10.35;9.47;64.54;57.58;61;137.38;5.19;2.28
2008-07-25;0;16866.6;922.04;922.23;921.84;18.78;10.92;19.56;18.06;11.37;10.47;64.08;58.75;61.5;169.21;3.53;1.55
2008-07-26;0;17789.3;923.52;923.72;923.31;17.44;9.22;18.2;16.79;9.75;8.88;65.5;60.17;62.5;130.33;6.27;2.85
2008-07-27;0;16469.1;923.45;923.64;923.26;19;9.43;19.77;18.24;10.02;8.75;58.71;52.54;55.79;121.88;4.95;2.57
2008-07-28;0;16683.7;924.3;924.49;924.08;21.32;10.78;21.96;20.51;11.28;10.24;56.96;51.21;53.83;72.75;3.95;2.06
2008-07-29;0;17031.2;922.89;923.14;922.72;20.33;8.17;21.34;19.52;8.79;7.71;51.46;45.12;48.38;83.21;4.14;2.07
2008-07-30;0;16189.8;920.5;920.74;920.37;19.12;5.47;20.11;18.2;6.11;4.86;47.08;39.96;43.38;151.29;4.58;1.98
2008-07-31;0;16082.3;919.65;919.85;919.4;18.94;6.22;19.85;18.03;6.64;5.54;48.5;42.5;46;156.58;4.25;1.69
2008-08-01;0;16217.5;919.3;919.55;919.12;20.9;8.07;21.76;20.07;8.6;7.64;48.67;42.42;45.25;124.54;4.49;2.17
2008-08-02;0;8643.4;917.19;917.47;917;20.7;9.06;21.4;20.04;9.4;8.64;50.25;45.25;47.96;153;5.79;2.64
2008-08-03;12.4;5281.2;917.24;917.58;916.88;17.58;14.2;18.04;17.31;14.46;13.8;83.21;78.25;81.54;247.42;5;2.06
2008-08-04;0.2;18416.7;918.84;919.03;918.6;17.71;13.13;18.44;17.12;13.72;12.8;80;74.29;76.92;163.25;4.03;1.43
2008-08-05;11;11961.1;920.52;920.7;920.11;18.43;14.22;19.24;17.67;14.69;13.63;81.04;74.04;77.92;137.21;4.29;1.9
2008-08-06;8;17715.3;921.1;921.45;920.86;20.13;14.56;20.68;19.35;15.22;13.9;77.33;70.71;73.67;127.88;5.05;1.97
2008-08-07;0;17786.1;919.58;919.83;919.36;21.86;14.15;22.65;21.15;14.62;13.67;66.79;60.12;63.75;159.42;6.93;3.26
2008-08-08;6.8;3010.5;921.79;922.07;921.4;17.03;15.1;17.34;16.87;15.29;14.93;89.58;86.79;88.46;127.04;6.07;2.58
2008-08-09;0;12996.1;921.68;922;921.45;18.02;14.71;18.63;17.55;15.04;14.39;84.25;79.62;82.04;134.42;5.78;2.88
2008-08-10;6.8;17131.2;922.15;922.57;921.74;16.11;13.03;16.61;15.67;13.49;12.79;85.17;81.33;82.88;133.25;7.18;3
2008-08-11;0;18186.7;920.64;920.88;920.47;19.35;12.97;20.04;18.56;13.77;12.45;73.83;67.46;70.08;120.25;5.07;2.57
2008-08-12;0;18570;920.5;920.7;920.22;21.98;12.67;22.7;21.27;13.28;12.18;61.46;55.75;58.38;105.08;6.19;3.02
2008-08-13;0;16979.6;920.57;920.8;920.34;22.22;11.15;23.25;21.54;11.78;10.31;54.33;46.88;51.54;104.29;5.65;2.86
2008-08-14;0;18333.1;922.52;922.76;922.24;19.39;13.24;19.94;18.79;13.69;12.74;73.25;67.62;70.33;119.08;7.28;3.18
2008-08-15;0;18851.6;921.96;922.26;921.76;20.51;11.45;21.23;19.87;12.32;10.92;62.42;55.67;58.58;106.04;5.45;2.64
2008-08-16;0;19869.4;920.38;920.61;920.16;21.65;8.54;22.2;20.97;9.29;8.21;48.92;44.42;45.92;40;6.88;3.56
2008-08-17;0;20241.2;920.38;920.57;920.12;21.79;8.02;22.73;20.85;8.79;7.43;47.21;40.21;43.71;142.92;5.64;2.76
2008-08-18;0;19798.2;921.58;921.76;921.33;20.76;8.87;21.71;19.79;9.6;8.15;53.79;45.88;49.71;98.17;3.54;1.65
2008-08-19;0;20142.6;922.31;922.52;922.1;21.06;9.13;21.82;20.2;9.73;8.58;51.88;45.67;48.42;96.71;4.4;2.3
2008-08-20;0;20611.1;921.77;922;921.59;19.91;8.96;20.9;19.06;9.57;8.31;55.75;48.79;52.54;75.17;3.93;1.92
2008-08-21;0;20482.4;921.15;921.36;920.94;20.48;7.46;21.83;19.08;8.45;6.83;51.04;40.92;45.29;132.46;4;1.77
2008-08-22;0;18921.2;920.97;921.18;920.73;20.24;8.18;20.93;19.27;8.81;7.6;52.67;46.33;49.04;134.08;3.62;1.55
2008-08-23;0;19176.2;922.95;923.15;922.69;19.5;12.98;20.3;18.97;13.33;12.41;71.17;64.71;68.79;122.29;8.87;4.16
2008-08-24;0;20367.6;923.29;923.5;923.11;20.15;11.59;20.83;19.47;12.08;11.1;65.17;59.62;62.29;91.54;6.33;3.04
2008-08-25;0;17638.3;922.49;922.71;922.3;20.64;10.89;21.38;19.98;11.49;10.37;59.04;53.21;56.04;104.58;3.69;1.9
2008-08-26;0;19890.1;921.08;921.34;920.9;21.83;8.18;22.62;20.94;8.9;7.55;49.08;42.79;45.62;125.96;3.97;1.71
2008-08-27;0;21847.1;919.88;920.14;919.72;20.91;6.22;21.87;20.05;7.28;5.37;47.46;40.5;43.96;142.62;5.13;2.23
2008-08-28;0;20660.4;917.6;917.84;917.41;20.8;4.5;21.67;19.87;5.18;3.67;39.92;34.17;37.08;174.38;5.05;2.45
2008-08-29;0;17117.6;917.52;917.76;917.25;21.81;8.25;22.76;20.8;8.81;7.49;46.67;40.08;43.42;170.54;4.82;1.8
2008-08-30;2.2;10678.4;919.97;920.5;919.33;15.5;11.2;16.37;15.09;11.72;10.72;78.67;72.67;76.5;146.79;9.24;4.07
2008-08-31;0;22638.6;921.39;921.64;921.12;15.7;8.55;16.2;15.04;9.09;8.13;69.92;65.67;67.04;132.75;7.67;3.47
2008-09-01;0;22941;920.95;921.25;920.71;18.4;6.85;19.23;17.52;7.85;6.16;57.75;50.54;53.75;159.58;5.11;2.29
2008-09-02;0;21978.5;919.4;919.69;919.21;20.84;6.14;21.92;19.9;6.85;5.46;44.96;38.58;41.75;97.83;4.33;2.01
2008-09-03;0;20639.4;918.98;919.2;918.75;22.55;6.78;23.6;21.4;7.57;6.06;42.46;34.96;38.58;152.62;4.58;2.16
2008-09-04;0;20763.4;918.95;919.17;918.71;22.85;4.72;23.96;21.64;5.6;4.02;37.67;30.38;33.75;137.88;4.23;1.88
2008-09-05;0;21941.7;917.8;918.06;917.65;23.86;4.99;24.8;22.97;5.81;4.32;35.25;29.92;32.38;123.58;4.98;2.4
2008-09-06;0;20002.3;918.39;918.55;918.05;23.66;9.48;24.56;22.69;10.02;8.67;43.71;38.29;41.29;177.88;5.62;2.33
2008-09-07;3.2;3050.6;922.71;922.95;922.36;15.62;13.38;16.22;15.28;13.7;13.08;87.83;84.25;86.75;181.29;4.25;1.24
2008-09-08;0.2;10606.1;922.65;922.93;922.42;18.27;14.26;18.81;17.55;14.83;13.72;83.25;77.29;79.67;142.71;4.53;1.84
2008-09-09;0;21429.1;921.93;922.17;921.7;22.05;14.41;22.65;21.27;14.8;13.91;67.12;62.25;64.5;104.25;5.9;2.97
2008-09-10;0;22828.7;922.34;922.6;922.14;24.15;13.21;25.07;23.4;13.93;12.76;58.21;52.29;54.88;100.83;6.91;3.28
2008-09-11;0;22496.8;921;921.29;920.8;26.12;9.81;26.92;25.19;10.48;9.18;42.08;36.29;38.96;108.25;5.87;2.99
2008-09-12;0;21485.7;919.18;919.44;919.05;26.4;5.92;27.38;25.5;6.65;5.22;30.58;26.29;28.5;175.33;5.64;2.62
2008-09-13;0.2;6442.8;920.51;920.72;920.1;19.69;13.99;20.31;19.26;14.4;13.28;73.46;66.42;70.88;187.75;7.38;2.82
2008-09-14;5.4;13959.3;920.74;921.04;920.37;19.19;14.84;19.75;18.66;15.25;14.34;79.88;73.92;77;177.29;4.41;1.54
2008-09-15;0;20862.3;921.08;921.3;920.83;19.37;14.23;20.05;18.76;14.68;13.93;76.54;71.71;73.88;138.21;5.07;2.3
2008-09-16;0;22214.8;922.02;922.26;921.71;17.6;11.95;18.38;17.01;12.35;11.6;74.58;69.17;72.04;145.5;6.49;2.85
2008-09-17;0;23953.5;921.83;922.09;921.61;16.38;9.34;17.04;15.81;9.83;8.97;68.96;64.46;66.54;147.21;8.72;3.79
2008-09-18;0;25186.9;921.52;921.75;921.31;15.85;7.27;16.58;15.17;7.83;6.83;64.04;58.67;61.21;141.83;9.53;4.35
2008-09-19;0;22686.5;921.28;921.55;921.07;17.47;8.42;18.09;16.7;8.72;8.05;61.21;56.67;58.83;107.17;8.19;3.87
2008-09-20;6.2;15588.4;920.39;920.65;920.14;17.92;11.51;18.82;17.35;11.83;11.07;69.71;64;67.75;112.67;8.41;3.97
2008-09-21;12.4;5007.8;918.74;918.99;918.5;15.8;14.14;16.11;15.55;14.49;13.93;91.5;88.92;90.08;235.5;8.38;3.92
2008-09-22;0;25306.8;919.76;920.04;919.53;14.5;7.19;15.16;13.95;7.89;6.68;69.42;63.17;65.83;275.92;6.99;3.06
2008-09-23;0;25774.4;919.27;919.51;919;15.15;4.97;16.04;14.35;5.85;4.21;59.25;51.5;55.42;136.79;3.42;1.22
2008-09-24;0;26087.2;921.02;921.19;920.77;16.67;8.65;17.37;16.05;9.17;8.14;65.54;59.38;62.75;132.38;9.97;4.6
2008-09-25;0;24404.7;920.88;921.14;920.7;18.88;9;19.43;18.07;9.56;8.51;61.54;56.12;58.42;135.88;7.85;3.58
2008-09-26;7.6;17032.6;919.16;919.58;918.91;18.37;13.39;19.13;17.79;13.92;12.78;77.38;69.75;74.21;157.88;6.7;2.8
2008-09-27;0;24961.2;918.03;918.24;917.8;18.55;11.71;19.29;17.91;12.51;11.09;71.46;65.12;68.12;154.33;6.45;2.73
2008-09-28;0;26213.6;919.95;920.15;919.67;17.45;9.85;18.11;16.85;10.4;9.32;67.71;61.83;64.79;142.83;7.22;3.02
2008-09-29;0;25722.2;920.35;920.61;920.14;18.85;8.9;19.58;17.96;9.64;8.28;61.54;55.46;58.08;106.96;6.47;2.72
2008-09-30;0;12654.3;919.32;919.54;919.17;20.3;10.98;20.96;19.62;11.41;10.25;60.12;53.54;57.29;150.21;4.26;2.14
2008-10-01;0;22008.4;916.6;916.95;916.4;23.38;12.98;24.45;22.52;13.62;12.4;59.12;52.04;55.88;150.38;4.12;1.81
2008-10-02;38.2;8786.6;917.09;917.58;916.38;18.66;16.2;19.13;18.38;16.5;15.94;87.46;83.54;86.12;173.5;8.6;3.39
2008-10-03;0;19409.8;917.78;918;917.55;20.84;16.35;21.33;20.25;16.89;15.8;80.75;76.04;78.17;116.46;3.79;1.5
2008-10-04;0;16770.7;917.52;917.82;917.32;23.17;16.38;23.75;22.49;16.75;15.99;70.29;64.71;67.25;192.62;5.32;2.48
2008-10-05;0.2;14210.7;917.15;917.42;916.72;22.08;16.35;22.87;21.56;16.99;15.92;74.04;67.54;71.12;201.46;4.68;1.5
2008-10-06;7.4;2355.7;921.43;921.64;920.98;17.73;16.07;17.97;17.6;16.25;15.87;90.92;88.42;90.08;127.29;4.32;1.81
2008-10-07;0.6;14453.9;924.17;924.42;923.88;19.31;15.45;19.7;18.87;15.86;15;82.33;76.79;79.54;95.92;5.24;2.49
2008-10-08;0.2;26492.6;924.45;924.67;924.26;18.18;13.73;18.78;17.76;14.22;13.54;78.21;74.38;76.25;141.83;11.57;5.3
2008-10-09;0;17654.3;923.85;924.12;923.67;17.05;11.41;17.48;16.45;11.7;11.13;72.96;69.29;70.88;108.62;9.3;4.25
2008-10-10;0;22388.8;921.55;921.86;921.38;19.37;12.65;20.06;18.65;13.16;12.27;70.5;65.5;67.83;88.92;5.85;2.88
2008-10-11;9.2;19679.8;920.17;920.42;919.84;20.15;13.89;20.96;19.6;14.2;13.43;70.42;65.08;68.54;77.75;7.43;3.72
2008-10-12;2.8;22145;920.32;920.6;920.13;21.07;15.31;21.54;20.57;15.95;14.98;75.04;70.21;71.75;68;6.98;3.61
2008-10-13;0;25850.6;919.99;920.27;919.75;24.35;14.29;25;23.68;14.97;13.77;58.62;53.08;55.75;103.29;5.22;2.51
2008-10-14;0;26996.8;918.92;919.13;918.71;25.71;13.16;26.38;24.87;14.11;12.22;54.67;47.29;50.54;135.04;4.52;2.05
2008-10-15;0;25421;919.04;919.25;918.78;26.58;12.64;27.45;25.82;13.29;11.7;47.96;41.58;45.12;131.58;4.85;2.19
2008-10-16;0;25368.4;919.29;919.58;919.05;26.54;14.81;27.4;25.86;15.72;13.76;57.21;49;53.67;149.42;6.45;2.5
2008-10-17;0;24156.5;918.2;918.51;917.99;23.55;16.3;24.32;22.88;16.86;15.91;69.04;63.54;66.29;125.92;7.94;3.41
2008-10-18;7.2;7388.9;917.42;917.79;917.05;19.52;16.96;20.03;19.18;17.25;16.67;87;82.88;85.42;172.58;5.93;2.29
2008-10-19;0.2;10816.2;919.83;920;919.48;19.79;16.71;20.3;19.43;17.17;16.48;85.25;80.92;83.08;122.92;5.85;2.57
2008-10-20;0;22846.4;921.95;922.18;921.74;20.73;16.05;21.28;20.16;16.51;15.63;78.83;73.96;76.29;96.46;6.86;3.27
2008-10-21;0;11424.3;922.25;922.42;922.05;20.87;16.32;21.25;20.57;16.63;16.11;77.04;74.04;75.54;94.17;6.12;3.2
2008-10-22;0;12175.7;921.6;921.83;921.37;21.26;16.68;21.82;20.75;17.15;16.2;79;72.75;76;96.88;4.71;2.05
2008-10-23;0;26501.7;920.19;920.52;919.95;23.19;14.06;24;22.3;14.8;13.22;64.54;57;60.46;88.67;4.4;2.01
2008-10-24;0;23565.7;919.66;919.91;919.41;25.92;14.28;26.59;25.05;14.88;13.65;55;48.96;51.62;107.08;4.56;2.16
2008-10-25;0;23273.9;918.61;918.86;918.38;26.5;13.76;27.32;25.72;14.45;13.11;51.62;45.54;48.71;166.38;4.7;2.14
2008-10-26;0;23931.4;917.62;917.88;917.32;27.08;11.85;27.85;26.25;12.98;10.82;47.54;40.5;43.79;175.92;6.2;2.94
2008-10-27;0;19556.4;917.45;917.71;917.24;26.34;16.31;27.12;25.74;16.83;15.79;57.96;52;55.46;223.08;4.67;1.49
2008-10-28;0;18437.7;917.22;917.49;916.95;24.63;18.23;25.36;24;18.48;17.83;71.42;66.12;69.17;136.08;5.55;2.3
2008-10-29;12.4;22542.6;915.48;915.9;915.12;25.16;17.32;26.14;24.1;17.91;16.8;68.75;61.12;65;143.04;7.32;2.87
2008-10-30;3.2;15770.6;918.59;918.96;918.12;21.78;16.85;22.37;21.2;17.37;16.3;78.29;71.67;75.12;231.75;7.71;3.1
2008-10-31;3.8;15052.3;919.37;919.62;919.12;21.76;17.27;22.5;21.17;17.83;16.88;80.25;73.58;76.88;153.96;5.16;2
2008-11-01;0;21188.9;918.75;919.01;918.54;20.7;15.81;21.38;20.02;16.27;15.24;77.71;72.29;75.29;106.67;6.64;2.87
2008-11-02;1.2;13935.7;918.63;918.9;918.33;22.73;18.39;23.27;22.2;18.76;17.87;79.79;73.92;77.12;144.88;6.42;2.9
2008-11-03;0;21936.5;919.13;919.42;918.85;23.08;17.17;23.65;22.58;17.81;16.69;74.88;69.5;71.92;221.08;5.22;1.7
2008-11-04;0;18666;918.02;918.32;917.78;23.66;17.53;24.47;23.02;18.07;17.04;73.17;66.38;70.12;142.79;4.45;1.55
2008-11-05;0.4;18090.1;917.22;917.55;916.97;23.12;16.85;23.7;22.41;17.4;16.29;74.21;67.88;70.54;169.83;4.2;1.49
2008-11-06;17.4;13646.9;915.25;915.64;914.9;22.69;17.32;23.64;21.99;17.73;16.87;76.42;69.12;73.46;169.83;6.25;2.5
2008-11-07;2;6338.4;915.87;916.12;915.62;19.08;17.41;19.4;18.84;17.7;17.14;91.21;88.29;90.21;208.33;4.07;1.45
2008-11-08;0.2;24055.8;915.95;916.17;915.69;22.74;17.91;23.31;21.9;18.45;17.21;80.17;74.54;77;140.62;4.61;1.95
2008-11-09;1;21203.1;916.17;916.43;915.92;24.15;17.37;25.06;23.45;17.96;16.73;71.04;63.71;67.96;113.08;4.98;2.05
2008-11-10;0.8;16625;916.26;916.49;916;22.52;18.9;23.04;22.03;19.33;18.42;83;78.46;80.79;235.67;4.18;1.32
2008-11-11;0;16714.8;916.5;916.85;916.2;21.75;17.29;22.4;21.26;17.75;16.91;79.33;74.08;76.88;108.62;6.49;2.8
2008-11-12;2.4;17296.2;914.82;915.17;914.53;21.15;17.49;21.82;20.59;17.97;16.86;83.54;76.12;80.38;128.71;6.53;2.71
2008-11-13;0.6;20124;913.1;913.43;912.8;20.98;15.97;21.8;20.22;16.53;15.44;77.42;71.5;74.62;144.79;6.7;2.8
2008-11-14;0;23831.9;912.75;913.07;912.42;22.68;17.28;23.2;22.01;17.66;16.6;76.46;70.58;73.75;101.46;6.04;2.53
2008-11-15;0;27146.6;913.78;913.99;913.55;23.6;16.26;24.28;22.78;16.9;15.44;70.46;64.21;67.38;114.21;5.31;2.02
2008-11-16;0;29822.2;914.82;915.01;914.57;24.81;11.32;25.76;23.92;12.4;10.5;52.08;44.5;48.38;158.42;4.35;1.74
2008-11-17;0;20845.1;916.28;916.49;915.98;22.46;16.3;23.19;21.82;16.75;16.04;71.79;66.88;69.21;231.08;9.67;4.32
2008-11-18;0;21826.6;917.15;917.42;916.94;21.73;14.81;22.53;21.11;15.31;14.34;70.21;64.33;67.42;142.54;6.64;2.96
2008-11-19;0;27654.4;917.61;917.8;917.41;20.72;13.3;21.52;19.97;13.82;12.8;68.29;62.67;65.5;140.12;8.33;3.76
2008-11-20;0;29240.7;918.28;918.49;918.03;19.8;10.85;20.52;19.09;11.42;10.38;63.04;57.96;60.33;129.92;8.05;3.64
2008-11-21;0.6;21382.9;919.35;919.54;919.09;20.03;12.66;20.85;19.38;13.08;12.03;66.71;60.42;63.92;105.12;7.71;3.52
2008-11-22;0;25053.3;920.28;920.59;919.99;20.83;14.25;21.68;20.15;14.82;13.81;71.17;65.04;68.08;84.08;8.15;3.97
2008-11-23;1;22483.5;919.65;919.92;919.41;20.97;14.88;21.85;20.27;15.32;14.16;72.54;65.38;69.58;75.04;8.63;4.12
2008-11-24;5.2;20713.5;918.7;919.01;918.44;20.93;15.07;21.89;20.09;15.78;14.5;74.88;66.25;70.5;130.46;7.06;2.99
2008-11-25;0;22903.2;918.51;918.74;918.3;21.16;14.78;22;20.45;15.47;14.22;72.83;66.25;69.38;112.67;6.84;2.72
2008-11-26;13;20114.5;918.84;919.11;918.53;20.41;15.72;21.46;19.6;16.18;15.24;79.04;71.08;75.71;99.29;7.3;2.96
2008-11-27;0;27126.5;918.82;919.09;918.63;21.28;14.95;22.1;20.54;15.7;14.37;73.62;66;69.58;113.58;6.62;2.7
2008-11-28;0;24059.4;917.52;917.81;917.26;22.11;14.98;22.73;21.52;15.47;14.6;69.04;64.04;66.33;103.29;6.8;3.04
2008-11-29;1.6;23942.5;916.65;916.91;916.39;22.15;15.62;23.02;21.3;16.25;14.86;72.29;63.75;68.29;108;6.13;2.5
2008-11-30;14;16431.8;916.69;917;916.45;20.71;16.74;21.5;19.88;17.26;16.06;82.58;74.58;78.96;142.92;5.46;1.93
2008-12-01;0;29061.7;915.58;915.82;915.36;23.71;15.24;24.41;23;16.02;14.33;66.75;59.88;63.38;172.71;4.95;1.78
2008-12-02;2.6;20116.7;913.43;913.75;913.23;23.65;16.18;24.56;22.76;17.01;15.2;69.33;59.46;64.67;165.25;5.18;1.67
2008-12-03;15.6;25227.2;911.38;911.63;911.15;20.59;15.04;21.21;20.03;15.84;14.59;77;71.62;73.54;253.25;6.1;2.08
2008-12-04;0;22601.7;914.31;914.43;914;19.56;10.93;20.29;18.92;11.72;10.32;64.5;57.67;61;151.42;5.62;2.11
2008-12-05;0;26564.2;918;918.14;917.76;21.43;10.65;22.1;20.67;11.47;9.97;57;50.48;53.43;144.17;5.64;2.47
2008-12-06;0;28398.9;919.23;919.42;919.01;23;12.83;23.67;22.25;13.51;12.15;58.42;52.5;55.33;116.42;6.35;2.87
2008-12-07;0;24832.1;920.4;920.62;920.19;24;13.58;24.85;23.32;14.58;12.75;57.58;50.38;54.17;103.88;6.16;2.55
2008-12-08;7;24588.2;920.47;920.74;920.15;23.63;15.79;24.67;22.81;16.44;15.03;66.67;57.88;63;147.79;6.72;2.69
2008-12-09;0;26137.2;919.37;919.68;919.17;23.9;16.21;24.72;22.97;17.01;15.36;69.75;61.12;65.54;148.12;4.01;1.32
2008-12-10;2.4;20525.7;916.11;916.42;915.88;23.45;16.51;24.43;22.72;17.1;15.64;70.46;61.38;66.83;162.46;6.18;2.21
2008-12-11;7;15399;915.89;916.16;915.61;21.18;17.97;21.79;20.78;18.39;17.55;84.88;80.17;82.92;224.71;5.46;1.5
2008-12-12;7.4;13754.2;916.95;917.13;916.67;19.86;16.81;20.3;19.48;17.3;16.58;85.33;81.71;83.04;141.33;7.07;2.97
2008-12-13;0;19067.5;917.31;917.57;917.09;19.44;14.43;19.93;18.96;14.81;14.1;75.33;71.83;73.67;139.54;7.63;3.23
2008-12-14;0;19060.5;916.2;916.53;915.94;20.64;16.12;21.34;20.05;16.45;15.57;77.75;72.67;75.92;142.62;5.42;1.87
2008-12-15;0;17150.4;913.18;913.47;912.99;21.18;17.4;21.9;20.65;17.96;16.9;82.62;77.17;80.25;181.21;5;1.81
2008-12-16;4.6;14694.2;910.99;911.29;910.75;19.75;17.27;20.29;19.33;17.71;16.92;88.21;83.33;86.04;98.5;4.8;1.5
2008-12-17;0.4;20354.8;912.5;912.65;912.22;20.9;16.48;21.6;20.33;17.06;15.9;80.79;74.92;77.96;160.46;3.63;0.99
2008-12-18;27.2;19078.6;915.98;916.21;915.66;20.47;16.83;21.4;19.74;17.32;16.24;83.79;76.12;80.46;107.5;5.7;2.08
2008-12-19;5;22162.4;916.62;916.87;916.35;21.05;17.03;21.92;20.41;17.73;16.55;82.54;75.25;79.25;129.29;6.17;2.36
2008-12-20;5;17745.2;916.44;916.77;916.18;20.3;17.54;20.89;19.76;18.07;17.06;87.92;82;85.21;108.75;5.11;1.71
2008-12-21;23.2;21045.7;916.61;916.93;916.25;20.12;16.82;20.9;19.33;17.43;16.21;85.21;79.54;82.58;112.04;6.3;2.47
2008-12-22;1.2;18461.6;917.61;917.85;917.32;20.67;17.18;21.27;20.01;17.7;16.52;84.33;77.62;81.54;104.92;4.15;1.35
2008-12-23;5.4;27722;917.93;918.24;917.74;22.03;17.39;22.75;21.32;18.06;16.77;80.25;73.08;76.75;109.25;4.7;1.84
2008-12-24;0.4;24594.9;915.1;915.43;914.91;23.28;18.51;24.06;22.65;19.02;18;78.96;72.12;75.88;137.21;4.99;1.78
2008-12-25;44;16524.4;912.37;912.68;912.05;21.42;18.47;21.9;20.96;18.83;18.03;85.92;81.58;83.83;172.88;5.58;2
2008-12-26;0.4;16494.4;912.63;912.84;912.3;21.85;18.09;22.37;21.46;18.5;17.74;82;77.79;80;155.83;5.41;2.06
2008-12-27;2.4;19433.1;914.12;914.39;913.83;20.2;16.74;20.86;19.72;17.2;16.33;83.25;78.75;81.38;95.62;6.88;2.74
2008-12-28;0;23428.5;914.93;915.13;914.7;22.05;18.03;22.52;21.36;18.44;17.49;81.5;76.29;78.71;65.71;4.64;1.9
2008-12-29;0;23942.5;916.19;916.42;915.92;23.81;19.09;24.68;23.07;19.73;18.67;79.83;72.58;76.08;124.38;3.75;1.23
2008-12-30;0;21649.5;916.9;917.16;916.67;23.94;18.83;24.91;23.28;19.71;18.12;78.29;70.71;74.83;137.29;3.48;0.93
2008-12-31;3.4;14555.6;917.33;917.6;917;22.26;18.55;22.94;21.68;18.95;18.14;82.71;77.12;80.17;141.83;6.12;2.22
